id,first_name,last_name,email,gender,ip_address
1,Alma,Meagh,ameagh0@weather.com,Female,65.136.78.181 
2,Franky,Kendrick,fkendrick1@taobao.com,Female,86.113.24.101
3,Kipp,Kropach,kkropach2@wordpress.com,Female,244.122.71.90
4,Cammy,Sleford,csleford3@oaic.gov.au,Male,98.94.22.246
5,Reuven,Simion,rsimion4@rakuten.co.jp,Male,9.0.32.164
6,Peri,Kenelin,pkenelin5@cloudflare.com,Female,73.58.38.247
7,Penelope,Jerrans,pjerrans6@bizjournals.com,Female,140.160.8.129
8,Robby,Sikora,rsikora7@twitpic.com,Female,222.211.115.227
9,Elena,Kreutzer,ekreutzer8@blogspot.com,Genderfluid,153.36.87.132
10,Napoleon,Grima,ngrima9@odnoklassniki.ru,Male,152.144.148.97
11,Jeramie,Le Noury,jlenourya@opensource.org,Male,143.35.97.129
12,Adrien,Leamy,aleamyb@amazon.co.uk,Male,152.8.119.2
13,Florence,MacShirrie,fmacshirriec@tinypic.com,Agender,141.194.1.13
14,Lurleen,Candish,lcandishd@spiegel.de,Female,227.199.66.11
15,Abran,Forman,aformane@columbia.edu,Male,36.220.181.134
16,Barris,Pires,bpiresf@tinyurl.com,Male,121.192.6.189
17,Errol,Poletto,epolettog@myspace.com,Male,224.63.94.87
18,Ara,Scantlebury,ascantleburyh@fema.gov,Female,209.241.22.186
19,Emalee,Dodgson,edodgsoni@jimdo.com,Female,172.178.127.110
20,Westbrooke,Vasile,wvasilej@barnesandnoble.com,Male,217.142.237.127
21,Cull,Quennell,cquennellk@amazon.com,Male,177.15.147.235
22,Alice,Walewicz,awalewiczl@google.com,Female,99.185.187.116
23,Benetta,Norley,bnorleym@geocities.jp,Female,234.240.147.239
24,Rupert,Lettington,rlettingtonn@surveymonkey.com,Male,33.176.68.9
25,Ellwood,Rockcliff,erockcliffo@twitter.com,Male,107.170.127.184
26,Mair,Stuchberry,mstuchberryp@icq.com,Female,246.185.10.7
27,Frankie,Pfeiffer,fpfeifferq@si.edu,Female,252.121.229.88
28,Carlene,Gostall,cgostallr@sun.com,Female,220.84.103.86
29,Guido,Wilcock,gwilcocks@yahoo.co.jp,Male,127.196.110.173
30,Laurie,Hallgarth,lhallgartht@buzzfeed.com,Female,17.12.172.89
31,Issi,Morfell,imorfellu@nba.com,Female,90.75.117.168
32,Rudolfo,Giamo,rgiamov@loc.gov,Male,198.61.202.242
33,Delphinia,Uwins,duwinsw@123-reg.co.uk,Female,45.127.157.152
34,Seline,Bergin,sberginx@blogger.com,Female,89.121.254.237
35,Sharyl,Eseler,seselery@netscape.com,Female,155.182.232.101
36,Kaitlynn,De Blasi,kdeblasiz@123-reg.co.uk,Female,203.157.177.84
37,Tabina,Overstone,toverstone10@flavors.me,Genderfluid,199.157.72.174
38,Sheba,Preist,spreist11@shutterfly.com,Female,130.115.225.108
39,Dall,Blackboro,dblackboro12@ovh.net,Male,228.189.35.104
40,Mandel,Honnicott,mhonnicott13@cafepress.com,Male,214.15.168.126
41,Moyra,Moorey,mmoorey14@prlog.org,Female,51.90.44.187
42,Salvador,Hamshar,shamshar15@toplist.cz,Male,233.130.254.56
43,Myrlene,Lattos,mlattos16@infoseek.co.jp,Female,238.152.192.190
44,Luca,Dukelow,ldukelow17@noaa.gov,Genderqueer,3.171.108.26
45,Silvain,Wimpenny,swimpenny18@usda.gov,Male,99.234.23.142
46,Gus,Benoey,gbenoey19@google.co.uk,Female,58.232.54.170
47,Kain,Nosworthy,knosworthy1a@creativecommons.org,Male,170.224.168.116
48,Margaret,Hadenton,mhadenton1b@buzzfeed.com,Female,68.48.181.246
49,Friedrick,Poundford,fpoundford1c@mysql.com,Male,61.77.217.164
50,Fallon,Orford,forford1d@stumbleupon.com,Female,170.245.25.181
51,Mirabel,Kendell,mkendell1e@yolasite.com,Female,237.42.59.47
52,Willow,Deniske,wdeniske1f@arizona.edu,Female,8.132.247.10
53,Patricio,Greenhow,pgreenhow1g@dailymotion.com,Male,117.179.172.30
54,Gaspar,Eccles,geccles1h@mediafire.com,Male,175.213.15.251
55,Carmel,Manske,cmanske1i@eepurl.com,Female,212.146.250.138
56,Carrol,Shalcras,cshalcras1j@dedecms.com,Male,180.176.228.26
57,Townie,Ambler,tambler1k@so-net.ne.jp,Male,191.235.101.74
58,Martie,Harefoot,mharefoot1l@wired.com,Male,209.45.115.228
59,Ammamaria,Forton,aforton1m@webnode.com,Female,52.179.104.179
60,Balduin,Yanshinov,byanshinov1n@w3.org,Male,109.129.83.202
61,Donn,Stickells,dstickells1o@ucoz.ru,Male,136.53.105.148
62,Oneida,Broinlich,obroinlich1p@webeden.co.uk,Female,200.125.147.236
63,Modestine,Apedaile,mapedaile1q@nyu.edu,Female,82.148.100.100
64,Jean,Trendle,jtrendle1r@arizona.edu,Female,210.30.137.220
65,Florri,Avrahamy,favrahamy1s@hao123.com,Female,177.209.243.57
66,Hebert,Pargent,hpargent1t@theglobeandmail.com,Male,139.72.226.14
67,Yanaton,Ateridge,yateridge1u@reference.com,Male,54.210.131.251
68,Courtney,Garron,cgarron1v@mozilla.org,Male,114.238.183.16
69,Rick,Haldene,rhaldene1w@techcrunch.com,Male,214.74.216.119
70,Katina,Cottisford,kcottisford1x@springer.com,Female,75.232.91.200
71,Mathilde,Jaffrey,mjaffrey1y@businessinsider.com,Agender,119.70.72.90
72,Allan,Tolomio,atolomio1z@delicious.com,Male,76.56.145.168
73,Ferdy,Chuter,fchuter20@purevolume.com,Non-binary,158.241.60.149
74,Jillayne,Saxelby,jsaxelby21@nsw.gov.au,Female,123.229.242.244
75,Clovis,Torbett,ctorbett22@cornell.edu,Female,231.195.142.113
76,Stan,Lowers,slowers23@fc2.com,Male,129.185.64.9
77,Keri,Allward,kallward24@ehow.com,Female,109.97.26.42
78,Ahmed,Breens,abreens25@geocities.com,Male,148.228.151.67
79,Sadella,Alderwick,salderwick26@dagondesign.com,Polygender,239.120.168.158
80,Frank,Sanderson,fsanderson27@shareasale.com,Female,118.203.32.143
81,Forrester,Mercik,fmercik28@amazon.co.jp,Male,96.102.30.117
82,Arlan,Hunnicot,ahunnicot29@census.gov,Male,4.122.168.232
83,Angy,Taylour,ataylour2a@photobucket.com,Female,21.188.45.111
84,Selma,Aujean,saujean2b@chicagotribune.com,Female,94.220.213.105
85,Harman,Buxy,hbuxy2c@netvibes.com,Male,124.108.246.108
86,Lura,Liddington,lliddington2d@tinypic.com,Genderqueer,134.193.123.137
87,Buckie,Ciani,bciani2e@census.gov,Agender,156.233.108.229
88,Phil,Varvell,pvarvell2f@amazon.de,Genderqueer,5.221.3.112
89,Giffard,Manvell,gmanvell2g@uiuc.edu,Bigender,90.163.166.157
90,Zorana,Emmert,zemmert2h@squidoo.com,Female,225.149.66.29
91,Sharla,Dundredge,sdundredge2i@earthlink.net,Female,50.14.193.241
92,Marlyn,Danilovitch,mdanilovitch2j@mlb.com,Female,11.210.59.213
93,Filia,Leadston,fleadston2k@networkadvertising.org,Genderqueer,51.191.106.181
94,Emmye,Beaudry,ebeaudry2l@sohu.com,Female,94.189.27.74
95,Linoel,Paddie,lpaddie2m@a8.net,Male,122.193.90.12
96,Evin,Purvess,epurvess2n@examiner.com,Non-binary,64.228.40.138
97,Dedie,Minichillo,dminichillo2o@studiopress.com,Female,251.176.241.90
98,Jabez,Weed,jweed2p@smh.com.au,Male,98.95.18.179
99,Bryna,Loweth,bloweth2q@google.com.au,Female,247.103.193.174
100,Worthington,Radenhurst,wradenhurst2r@t.co,Male,200.43.102.2
101,Dwain,Emerine,demerine2s@acquirethisname.com,Male,244.62.14.96
102,Hagen,Ferschke,hferschke2t@dagondesign.com,Male,170.255.44.222
103,Kim,Seyffert,kseyffert2u@nsw.gov.au,Male,62.169.254.253
104,Terrel,MacNelly,tmacnelly2v@yahoo.co.jp,Male,236.115.202.250
105,Kip,Szwarc,kszwarc2w@shareasale.com,Male,179.240.170.125
106,Donna,Waddam,dwaddam2x@macromedia.com,Female,198.220.160.235
107,Esta,Titchmarsh,etitchmarsh2y@sciencedirect.com,Female,84.252.136.230
108,Maurine,Couth,mcouth2z@g.co,Bigender,139.114.99.101
109,Lizabeth,Macey,lmacey30@addtoany.com,Female,219.219.87.233
110,Almeria,Pavlov,apavlov31@usgs.gov,Female,211.69.102.196
111,Egan,Salzberg,esalzberg32@economist.com,Male,217.43.177.28
112,Innis,Kinder,ikinder33@barnesandnoble.com,Male,220.243.242.61
113,Jaclin,Giannassi,jgiannassi34@fema.gov,Female,17.254.216.37
114,Haleigh,Cantera,hcantera35@fc2.com,Male,234.15.130.199
115,Kristina,Mayall,kmayall36@de.vu,Female,172.249.78.67
116,Farr,Trahear,ftrahear37@networksolutions.com,Male,237.149.129.185
117,Drucill,Hizir,dhizir38@earthlink.net,Female,134.161.78.48
118,Max,Gartery,mgartery39@freewebs.com,Female,244.124.123.157
119,Algernon,Kivelle,akivelle3a@google.es,Male,221.175.152.141
120,Tamera,Whitehouse,twhitehouse3b@google.co.jp,Female,126.177.147.135
121,Jennine,Keary,jkeary3c@sphinn.com,Female,80.172.81.187
122,Reed,Kenan,rkenan3d@last.fm,Male,226.83.169.197
123,Dieter,Conn,dconn3e@blogs.com,Male,18.80.183.214
124,Sidoney,Wainscot,swainscot3f@slashdot.org,Female,163.162.72.217
125,Coop,Attwooll,cattwooll3g@domainmarket.com,Male,242.91.111.183
126,Ariel,Hought,ahought3h@webeden.co.uk,Male,207.103.199.119
127,Rickard,Orrocks,rorrocks3i@chicagotribune.com,Male,67.66.213.45
128,Dionisio,Blown,dblown3j@google.com.hk,Male,224.153.87.97
129,Jeremias,Espinosa,jespinosa3k@oaic.gov.au,Male,231.116.92.86
130,Lorette,Akhurst,lakhurst3l@shop-pro.jp,Female,107.6.186.16
131,Karon,Jennemann,kjennemann3m@google.ca,Female,207.58.80.240
132,Irwin,Gerant,igerant3n@guardian.co.uk,Male,81.34.134.30
133,Kellyann,O'Fihily,kofihily3o@behance.net,Female,95.82.132.19
134,Claudell,Seagrove,cseagrove3p@europa.eu,Male,163.29.178.106
135,Bess,Fockes,bfockes3q@so-net.ne.jp,Female,8.228.199.112
136,Bebe,Mathonnet,bmathonnet3r@lycos.com,Female,187.79.89.13
137,Kliment,Kunze,kkunze3s@nytimes.com,Male,207.9.111.0
138,Alaine,Trevett,atrevett3t@howstuffworks.com,Female,156.180.88.80
139,Allys,Milella,amilella3u@multiply.com,Female,133.138.71.232
140,Christabella,Pepall,cpepall3v@amazon.co.uk,Female,173.235.9.32
141,Mattheus,Tiron,mtiron3w@wsj.com,Male,152.69.85.106
142,Vivian,Brigden,vbrigden3x@japanpost.jp,Non-binary,89.91.68.214
143,Hilda,Baukham,hbaukham3y@blogspot.com,Female,154.219.177.175
144,Kaylil,Sharples,ksharples3z@elpais.com,Female,83.107.173.9
145,Carmelina,Britner,cbritner40@nps.gov,Female,150.99.170.92
146,Tracy,Milan,tmilan41@infoseek.co.jp,Male,229.137.47.30
147,Raquela,Widdowson,rwiddowson42@scientificamerican.com,Female,148.17.241.127
148,Kial,Lissandre,klissandre43@mail.ru,Female,209.167.248.10
149,Gabbey,Casini,gcasini44@google.com.br,Female,213.216.51.241
150,Kennett,Gummow,kgummow45@yellowbook.com,Male,116.224.41.220
151,Karoly,Trenbay,ktrenbay46@technorati.com,Genderqueer,80.4.118.177
152,Levon,Whitwood,lwhitwood47@umich.edu,Male,1.153.103.96
153,Rosabelle,Viccars,rviccars48@vkontakte.ru,Genderqueer,10.108.103.214
154,Joellyn,Breeze,jbreeze49@netscape.com,Female,62.45.255.64
155,Kassia,Swires,kswires4a@i2i.jp,Non-binary,59.68.230.235
156,Waring,McTaggart,wmctaggart4b@hubpages.com,Male,212.219.131.216
157,Jemie,Mogg,jmogg4c@tumblr.com,Female,44.168.186.85
158,Ailsun,Javes,ajaves4d@slideshare.net,Female,134.94.204.216
159,Elinore,Nevett,enevett4e@topsy.com,Female,196.39.135.179
160,Joycelin,MacIlhargy,jmacilhargy4f@sitemeter.com,Female,160.129.113.56
161,Lambert,Yurin,lyurin4g@youtu.be,Male,105.105.200.84
162,Eugine,Benedtti,ebenedtti4h@prlog.org,Female,126.45.73.162
163,Hermon,Ainger,hainger4i@walmart.com,Male,167.60.44.11
164,Brana,Tomowicz,btomowicz4j@vistaprint.com,Female,143.103.97.87
165,Terri,Trusdale,ttrusdale4k@usnews.com,Male,88.221.243.198
166,Xerxes,Scriviner,xscriviner4l@weibo.com,Male,33.150.67.174
167,Verney,Starford,vstarford4m@gnu.org,Male,42.150.128.184
168,Shelby,Swatheridge,sswatheridge4n@ibm.com,Agender,25.50.100.71
169,Dalt,Grichukhin,dgrichukhin4o@msu.edu,Male,30.243.255.22
170,Puff,Gouldie,pgouldie4p@globo.com,Male,177.199.80.59
171,Che,Blas,cblas4q@theatlantic.com,Male,30.109.120.132
172,Ernesta,Hansemann,ehansemann4r@buzzfeed.com,Female,73.13.134.10
173,Philippine,Terbeck,pterbeck4s@yahoo.com,Female,8.107.80.78
174,Cam,Gawn,cgawn4t@pbs.org,Female,163.212.205.133
175,Pate,Evangelinos,pevangelinos4u@illinois.edu,Male,91.211.158.71
176,Corbett,Kohn,ckohn4v@ow.ly,Male,26.189.218.104
177,Saul,Pybworth,spybworth4w@google.ca,Agender,26.71.127.150
178,Jarrad,Taysbil,jtaysbil4x@addthis.com,Male,115.100.210.5
179,Zsa zsa,Pedro,zpedro4y@ask.com,Female,21.188.223.252
180,Levy,Ratt,lratt4z@nbcnews.com,Male,151.47.199.104
181,Jack,Arundale,jarundale50@amazon.co.jp,Male,18.224.230.74
182,Darrelle,Dosdell,ddosdell51@phpbb.com,Female,16.113.247.40
183,Melodie,Oldland,moldland52@gravatar.com,Female,229.54.202.152
184,Cole,Berthouloume,cberthouloume53@amazon.com,Male,220.199.202.127
185,Griffy,Lidstone,glidstone54@intel.com,Male,255.69.193.8
186,Audrye,Derrick,aderrick55@telegraph.co.uk,Agender,153.239.66.129
187,Clair,Delahunty,cdelahunty56@hexun.com,Female,232.254.11.133
188,Ashla,Face,aface57@bigcartel.com,Female,45.245.252.108
189,Lars,Hartman,lhartman58@dmoz.org,Male,76.82.63.43
190,Otha,Whitemarsh,owhitemarsh59@about.me,Female,51.19.17.158
191,Giorgia,Witt,gwitt5a@tinypic.com,Female,121.20.12.63
192,Jorge,Boyson,jboyson5b@dedecms.com,Male,183.135.228.153
193,Arney,Matthisson,amatthisson5c@wufoo.com,Agender,162.176.133.33
194,Graeme,Shorton,gshorton5d@cpanel.net,Male,160.209.155.3
195,Mirna,Hoggin,mhoggin5e@cornell.edu,Female,113.169.233.144
196,Deck,Hauger,dhauger5f@zimbio.com,Male,175.230.54.219
197,Marni,Gaskal,mgaskal5g@ox.ac.uk,Female,107.104.61.19
198,Minerva,Pagnin,mpagnin5h@phpbb.com,Genderfluid,254.42.78.174
199,Michaelina,Caldes,mcaldes5i@spotify.com,Female,91.184.40.209
200,Der,Crank,dcrank5j@tripod.com,Male,80.145.99.25
201,Perkin,Croci,pcroci5k@telegraph.co.uk,Male,182.168.53.255
202,Bridie,Casford,bcasford5l@amazon.co.jp,Female,182.225.83.176
203,Carolus,Dono,cdono5m@virginia.edu,Male,220.38.231.110
204,Geralda,Di Gregorio,gdigregorio5n@last.fm,Female,90.10.166.234
205,Worden,Knibbs,wknibbs5o@businessinsider.com,Male,57.204.124.86
206,Florie,Robeiro,frobeiro5p@ucsd.edu,Female,126.149.44.77
207,Nickey,Boarer,nboarer5q@wired.com,Male,210.146.140.99
208,Joelynn,Van De Cappelle,jvandecappelle5r@time.com,Female,254.113.153.11
209,Broderick,Schiementz,bschiementz5s@fastcompany.com,Male,7.89.92.96
210,Ivonne,Lund,ilund5t@kickstarter.com,Female,44.201.4.62
211,Berenice,Twopenny,btwopenny5u@cpanel.net,Female,60.212.36.234
212,Betsey,Avrahamov,bavrahamov5v@oracle.com,Female,219.224.41.229
213,Korey,Stirrip,kstirrip5w@admin.ch,Male,48.169.251.143
214,Selestina,Ramalhete,sramalhete5x@blinklist.com,Female,238.5.113.6
215,Hunt,Shalders,hshalders5y@house.gov,Male,128.8.151.212
216,Magnum,Grunnell,mgrunnell5z@dropbox.com,Male,236.160.179.100
217,Nathan,Konneke,nkonneke60@dell.com,Male,163.96.84.70
218,Hollie,Lotterington,hlotterington61@gnu.org,Female,205.6.190.248
219,Ned,Tourot,ntourot62@cnbc.com,Male,57.148.61.16
220,Cherey,Stonnell,cstonnell63@clickbank.net,Female,29.138.16.166
221,York,Mallen,ymallen64@msu.edu,Male,14.103.53.175
222,Herman,Silvers,hsilvers65@about.com,Polygender,137.120.23.188
223,Dore,Garken,dgarken66@usnews.com,Male,9.118.215.160
224,Arnaldo,Finn,afinn67@illinois.edu,Male,22.160.178.220
225,Corbett,Barkly,cbarkly68@lulu.com,Male,56.188.211.4
226,Gale,McDougal,gmcdougal69@usatoday.com,Female,191.214.166.221
227,Kara,Chmiel,kchmiel6a@ted.com,Female,230.168.222.4
228,Marmaduke,Forrestill,mforrestill6b@miitbeian.gov.cn,Male,195.104.196.8
229,Maryrose,Elwel,melwel6c@ucla.edu,Female,175.7.40.107
230,Gwen,Tales,gtales6d@jigsy.com,Female,237.188.163.58
231,Burk,Spincke,bspincke6e@360.cn,Male,164.10.23.116
232,Karen,Tomasz,ktomasz6f@indiatimes.com,Female,83.5.24.242
233,Tiffani,Febre,tfebre6g@census.gov,Female,15.202.177.130
234,Lotte,Stienham,lstienham6h@wufoo.com,Female,198.238.92.244
235,Norina,Skurray,nskurray6i@skyrock.com,Female,99.117.246.248
236,Pauline,Allston,pallston6j@umich.edu,Female,202.202.178.127
237,Rana,Wegman,rwegman6k@pagesperso-orange.fr,Female,68.57.225.198
238,Fredelia,Kennelly,fkennelly6l@vkontakte.ru,Female,192.37.191.66
239,Loni,Hartzogs,lhartzogs6m@blogtalkradio.com,Genderfluid,115.147.162.159
240,Lainey,Janczyk,ljanczyk6n@ca.gov,Female,47.194.10.182
241,Lombard,Coleyshaw,lcoleyshaw6o@hugedomains.com,Male,146.27.97.104
242,Jannelle,Olney,jolney6p@people.com.cn,Polygender,63.255.84.247
243,Paddy,Dunstan,pdunstan6q@nydailynews.com,Male,105.108.42.186
244,Dugald,Kittless,dkittless6r@google.fr,Male,163.209.251.44
245,Mic,Clingan,mclingan6s@nsw.gov.au,Male,173.67.0.76
246,Shay,Duffy,sduffy6t@hhs.gov,Bigender,63.172.144.47
247,Addie,Prowting,aprowting6u@t-online.de,Polygender,221.107.123.245
248,Nedi,Foyster,nfoyster6v@dion.ne.jp,Non-binary,165.39.182.236
249,Woodrow,Goering,wgoering6w@pbs.org,Male,236.132.4.104
250,Jacinta,Gabbetis,jgabbetis6x@trellian.com,Female,196.246.146.232
251,Welch,Bramhall,wbramhall6y@newsvine.com,Male,212.88.46.194
252,Maurita,Hallbord,mhallbord6z@dell.com,Female,113.251.119.246
253,Luella,Laux,llaux70@smugmug.com,Female,27.140.83.79
254,Verina,Hay,vhay71@whitehouse.gov,Female,59.41.137.114
255,Margeaux,Krammer,mkrammer72@sourceforge.net,Female,187.105.54.50
256,Leeann,Hardeman,lhardeman73@theatlantic.com,Female,254.12.85.197
257,Tessy,Potteril,tpotteril74@tripadvisor.com,Female,90.27.194.219
258,Lida,Bresson,lbresson75@cbsnews.com,Female,84.33.210.164
259,Emmit,Yanin,eyanin76@scribd.com,Agender,222.28.218.61
260,Dara,Lundon,dlundon77@biglobe.ne.jp,Female,101.23.101.238
261,Des,Cinnamond,dcinnamond78@tumblr.com,Male,12.220.72.122
262,Margaux,Tackett,mtackett79@wunderground.com,Female,57.146.224.253
263,Milena,Croom,mcroom7a@sourceforge.net,Female,70.134.209.94
264,Brook,Craise,bcraise7b@163.com,Male,137.71.67.51
265,Tannie,Rockwill,trockwill7c@seattletimes.com,Genderfluid,22.12.230.65
266,Wait,Sandbatch,wsandbatch7d@economist.com,Male,235.17.234.235
267,Vonny,Bowmaker,vbowmaker7e@over-blog.com,Female,249.182.164.71
268,Giusto,Thomasen,gthomasen7f@wikia.com,Bigender,93.56.147.100
269,Natalya,Jerg,njerg7g@springer.com,Female,105.83.63.166
270,Leilah,Forward,lforward7h@comsenz.com,Female,181.246.177.120
271,Salvatore,Cubitt,scubitt7i@nbcnews.com,Genderfluid,185.84.12.75
272,Kendra,Clemes,kclemes7j@feedburner.com,Female,215.132.220.11
273,Griffie,Cutting,gcutting7k@scribd.com,Male,175.193.248.34
274,Mellisa,Campkin,mcampkin7l@mlb.com,Female,195.4.188.17
275,Reube,Broseke,rbroseke7m@si.edu,Male,253.204.98.172
276,Nissa,Osbaldstone,nosbaldstone7n@about.me,Female,16.210.152.181
277,Lynnette,Keynes,lkeynes7o@google.co.uk,Female,88.88.199.72
278,Harland,Aldersea,haldersea7p@guardian.co.uk,Male,16.33.85.124
279,Perren,Marshallsay,pmarshallsay7q@cornell.edu,Agender,187.246.170.52
280,Eva,Hendin,ehendin7r@mayoclinic.com,Female,25.59.206.138
281,Johny,Bernardinelli,jbernardinelli7s@webnode.com,Male,100.171.8.65
282,Hattie,Reynold,hreynold7t@scientificamerican.com,Female,132.218.68.112
283,Yvonne,McGilvra,ymcgilvra7u@amazon.com,Female,155.63.9.80
284,Cull,Malcolm,cmalcolm7v@hugedomains.com,Male,207.48.112.216
285,Alwin,Housego,ahousego7w@illinois.edu,Male,72.171.52.130
286,Xenia,Duggan,xduggan7x@youku.com,Female,130.172.91.43
287,Skippie,Karlqvist,skarlqvist7y@ovh.net,Bigender,156.66.28.136
288,Nicko,Romanelli,nromanelli7z@smugmug.com,Male,16.242.3.59
289,Gianna,Risson,grisson80@ovh.net,Female,0.123.200.225
290,Bari,Dixson,bdixson81@1688.com,Female,141.6.32.36
291,Esme,Garshore,egarshore82@epa.gov,Male,232.252.66.223
292,Stephannie,Hamshere,shamshere83@marriott.com,Female,39.247.23.205
293,Holden,Vear,hvear84@jiathis.com,Male,58.182.73.204
294,Boy,Raiston,braiston85@bizjournals.com,Male,128.62.170.222
295,Valentine,Lowy,vlowy86@pagesperso-orange.fr,Female,186.39.78.92
296,Valentine,Zanetello,vzanetello87@hugedomains.com,Female,136.130.30.194
297,Brittaney,Davydkov,bdavydkov88@tumblr.com,Female,35.251.102.194
298,Glad,Kreutzer,gkreutzer89@businessinsider.com,Female,179.103.53.203
299,Pierson,Bemment,pbemment8a@ucoz.ru,Male,140.115.216.109
300,Saxon,Shildrick,sshildrick8b@nyu.edu,Agender,144.89.108.210
301,Huey,Wissbey,hwissbey8c@google.fr,Male,59.116.85.31
302,Karina,Cod,kcod8d@a8.net,Genderqueer,184.115.242.192
303,Michaelina,Janus,mjanus8e@clickbank.net,Female,95.20.237.51
304,Patrizius,Schoffler,pschoffler8f@nytimes.com,Polygender,214.138.209.8
305,Forster,Hannigan,fhannigan8g@answers.com,Male,96.79.146.221
306,Zebulen,Elgy,zelgy8h@seesaa.net,Male,15.159.115.206
307,Guthry,McGuggy,gmcguggy8i@delicious.com,Male,13.65.202.76
308,Alfredo,Falks,afalks8j@paginegialle.it,Male,207.111.15.130
309,Hilario,McCleary,hmccleary8k@vistaprint.com,Male,114.66.118.211
310,Drucill,Carding,dcarding8l@free.fr,Polygender,206.245.139.182
311,Chrysa,Godilington,cgodilington8m@cbslocal.com,Polygender,71.16.56.165
312,Martguerita,Hubball,mhubball8n@zimbio.com,Female,120.232.46.92
313,Christabella,Poinsett,cpoinsett8o@storify.com,Female,74.6.38.58
314,Shina,Passfield,spassfield8p@cocolog-nifty.com,Female,84.203.130.156
315,Ellwood,Search,esearch8q@wired.com,Male,145.96.127.149
316,Jourdain,Lighten,jlighten8r@wikipedia.org,Male,69.106.138.152
317,Gregorio,Raffon,graffon8s@amazon.co.jp,Male,158.100.217.78
318,Theodore,McGrah,tmcgrah8t@harvard.edu,Polygender,99.58.221.88
319,Lesya,Capoun,lcapoun8u@jimdo.com,Female,4.37.157.215
320,Bevan,Vibert,bvibert8v@oakley.com,Male,105.94.36.199
321,Edee,Hanwright,ehanwright8w@usda.gov,Female,229.240.249.34
322,Petey,Kovnot,pkovnot8x@wordpress.org,Male,5.133.91.172
323,Gamaliel,Michael,gmichael8y@t-online.de,Male,157.48.191.48
324,Jodee,Starmont,jstarmont8z@163.com,Female,100.33.69.154
325,Palm,Feast,pfeast90@msu.edu,Male,128.75.126.66
326,Arlee,Mileham,amileham91@wikia.com,Female,221.111.18.103
327,Emily,Razzell,erazzell92@geocities.jp,Female,116.24.70.140
328,Carl,Ramsdale,cramsdale93@google.nl,Male,207.191.77.49
329,Kimberlee,Martynikhin,kmartynikhin94@bloomberg.com,Female,184.12.52.53
330,Aeriela,McEntee,amcentee95@t.co,Female,239.0.66.75
331,Guglielmo,Batie,gbatie96@timesonline.co.uk,Male,206.115.94.156
332,Humfrid,Angric,hangric97@ucla.edu,Male,55.21.219.155
333,Mickie,Heak,mheak98@e-recht24.de,Female,43.157.170.32
334,Matias,Billows,mbillows99@engadget.com,Male,148.181.135.43
335,Tabbie,Seagar,tseagar9a@rambler.ru,Male,96.95.75.67
336,Artair,Buddell,abuddell9b@shop-pro.jp,Male,30.197.212.116
337,Darill,Cisland,dcisland9c@youtube.com,Male,190.145.83.235
338,Scotty,Hobson,shobson9d@upenn.edu,Male,34.97.157.1
339,Ernesta,Tasseler,etasseler9e@omniture.com,Female,197.243.156.19
340,Karlis,Groneway,kgroneway9f@plala.or.jp,Male,3.245.157.114
341,Kore,Griswood,kgriswood9g@comsenz.com,Female,108.252.33.148
342,Kent,Cornhill,kcornhill9h@amazonaws.com,Non-binary,1.216.244.168
343,Henry,Ead,head9i@paginegialle.it,Male,155.24.14.68
344,Delmore,MacKey,dmackey9j@usnews.com,Male,46.227.151.187
345,Dean,Rudledge,drudledge9k@moonfruit.com,Male,176.129.201.164
346,Gardner,Kitchiner,gkitchiner9l@mozilla.org,Male,126.165.60.94
347,Abbi,Jedryka,ajedryka9m@yellowbook.com,Female,208.118.244.32
348,Baldwin,Doag,bdoag9n@technorati.com,Male,245.212.49.132
349,Hurleigh,Denmead,hdenmead9o@theglobeandmail.com,Male,99.101.200.157
350,Issy,Moneti,imoneti9p@archive.org,Female,2.21.208.30
351,Maire,Winkle,mwinkle9q@weibo.com,Female,224.46.181.50
352,Pearl,Wyburn,pwyburn9r@sciencedaily.com,Female,49.43.189.67
353,Codie,Dingivan,cdingivan9s@theglobeandmail.com,Male,74.60.87.97
354,Peterus,Ughelli,pughelli9t@php.net,Male,11.25.221.255
355,Matthew,Paybody,mpaybody9u@google.co.uk,Male,62.155.51.51
356,Gallard,Chessil,gchessil9v@slideshare.net,Male,212.6.82.38
357,Abra,Trippett,atrippett9w@alexa.com,Female,183.126.225.39
358,Geordie,Naul,gnaul9x@reddit.com,Male,113.30.161.167
359,Holmes,Bello,hbello9y@360.cn,Male,97.227.219.1
360,Clemente,Mahoney,cmahoney9z@archive.org,Male,19.14.0.181
361,Gard,Phillpot,gphillpota0@ebay.co.uk,Male,103.130.96.155
362,Tallie,Mugglestone,tmugglestonea1@aboutads.info,Female,227.14.13.165
363,Arlen,Arnolds,aarnoldsa2@mtv.com,Female,167.193.92.94
364,Susanna,Abbyss,sabbyssa3@fastcompany.com,Female,92.6.166.74
365,Sarette,Goscar,sgoscara4@wunderground.com,Polygender,216.237.34.41
366,Gasper,Ramble,gramblea5@ca.gov,Male,244.21.133.183
367,Claudette,Van der Kruijs,cvanderkruijsa6@marriott.com,Female,65.188.13.6
368,Lisle,Stoner,lstonera7@csmonitor.com,Male,33.168.235.195
369,Hobard,Codling,hcodlinga8@mysql.com,Male,156.91.240.136
370,Joyce,Matley,jmatleya9@github.com,Female,230.44.245.96
371,Vitia,Scamadine,vscamadineaa@nsw.gov.au,Female,42.164.101.10
372,Audrye,Stillert,astillertab@de.vu,Female,190.3.67.238
373,Ryon,Siveter,rsiveterac@elegantthemes.com,Non-binary,230.223.67.48
374,Erskine,Letherbury,eletherburyad@unicef.org,Male,227.246.233.213
375,Nanni,Ash,nashae@tripod.com,Female,15.206.247.149
376,Devonna,Marcinkus,dmarcinkusaf@goo.ne.jp,Female,93.113.216.6
377,Kirsteni,McClory,kmccloryag@alibaba.com,Female,4.44.9.210
378,Aveline,Hoble,ahobleah@upenn.edu,Female,142.208.197.218
379,Aksel,Cutford,acutfordai@yandex.ru,Polygender,72.68.158.217
380,Kore,Povah,kpovahaj@huffingtonpost.com,Female,207.175.195.108
381,Paolo,Fellowes,pfellowesak@zimbio.com,Male,252.234.164.83
382,Rodrigo,Chesman,rchesmanal@newyorker.com,Male,26.205.159.191
383,Erhart,MacIlraith,emacilraitham@marketwatch.com,Male,85.7.2.161
384,Mattie,Beernaert,mbeernaertan@ameblo.jp,Male,93.154.31.218
385,Lazarus,Plume,lplumeao@domainmarket.com,Male,126.220.52.136
386,Eartha,Sprakes,esprakesap@timesonline.co.uk,Agender,213.194.253.200
387,Matthias,O'Keenan,mokeenanaq@w3.org,Male,219.242.50.101
388,Adella,Rodge,arodgear@bbc.co.uk,Female,67.78.159.99
389,Yorgo,Lambol,ylambolas@craigslist.org,Male,195.77.197.39
390,Rick,Shingfield,rshingfieldat@bravesites.com,Male,154.121.152.230
391,Emylee,Enright,eenrightau@nba.com,Female,3.103.43.107
392,Murielle,Cowhig,mcowhigav@ovh.net,Female,226.71.179.0
393,Tedman,Meikle,tmeikleaw@un.org,Male,175.13.202.247
394,Jermain,Burless,jburlessax@wiley.com,Genderfluid,138.221.145.250
395,Stan,Braun,sbraunay@about.com,Male,47.227.125.74
396,Cornelius,Stayt,cstaytaz@addtoany.com,Male,77.168.231.114
397,Sheryl,Scheffel,sscheffelb0@admin.ch,Female,76.147.177.165
398,Brandie,Heys,bheysb1@wikipedia.org,Female,197.134.186.70
399,Kippie,Scrine,kscrineb2@hatena.ne.jp,Male,15.183.101.67
400,Maighdiln,Scrogges,mscroggesb3@dailymotion.com,Female,124.111.90.60
401,Rana,Jesse,rjesseb4@ucoz.ru,Female,74.95.36.28
402,Kinsley,Ridpath,kridpathb5@netlog.com,Male,67.243.91.123
403,Ardelis,Caulder,acaulderb6@csmonitor.com,Female,119.129.98.184
404,Elisabetta,Eburne,eeburneb7@mapquest.com,Female,188.190.175.66
405,Clarice,Di Nisco,cdiniscob8@reddit.com,Female,94.85.237.75
406,Sandor,Cockton,scocktonb9@elpais.com,Male,9.130.237.113
407,Henrietta,Roullier,hroullierba@vk.com,Female,229.217.38.225
408,Marlo,Cutchee,mcutcheebb@opera.com,Genderfluid,35.85.70.179
409,Raphaela,Skells,rskellsbc@nps.gov,Female,121.53.207.64
410,Tresa,Wolford,twolfordbd@wp.com,Female,71.255.38.31
411,Brunhilda,Buard,bbuardbe@cdbaby.com,Female,54.239.244.58
412,Ebeneser,Jagger,ejaggerbf@yahoo.co.jp,Male,129.196.61.223
413,Antonie,Riddick,ariddickbg@weebly.com,Female,235.84.195.49
414,Klement,Walters,kwaltersbh@scribd.com,Male,65.65.211.179
415,Bing,Bodesson,bbodessonbi@merriam-webster.com,Male,67.159.196.92
416,Jemimah,Skones,jskonesbj@ox.ac.uk,Female,89.94.141.139
417,Reagen,Oattes,roattesbk@sciencedirect.com,Male,127.228.132.4
418,Collette,Frank,cfrankbl@is.gd,Female,122.191.18.254
419,Kinna,Priver,kpriverbm@europa.eu,Female,226.48.199.146
420,Carny,Styan,cstyanbn@columbia.edu,Male,127.64.239.7
421,Ronica,Koopman,rkoopmanbo@alibaba.com,Female,72.253.220.165
422,Larry,Bretherton,lbrethertonbp@vkontakte.ru,Male,42.91.19.249
423,Aurel,Knowlys,aknowlysbq@nhs.uk,Female,26.249.175.17
424,Patrick,Monnoyer,pmonnoyerbr@cbslocal.com,Male,174.2.156.99
425,Albie,Barde,abardebs@merriam-webster.com,Male,0.239.173.156
426,Thorn,Woodward,twoodwardbt@noaa.gov,Male,243.29.201.109
427,Alfonse,Kavanagh,akavanaghbu@gov.uk,Male,228.161.135.224
428,Jammal,Detoile,jdetoilebv@nasa.gov,Male,19.74.252.61
429,Wilek,Polon,wpolonbw@fastcompany.com,Male,131.54.189.119
430,Valle,Borthram,vborthrambx@nydailynews.com,Male,218.202.199.116
431,Chancey,Lutman,clutmanby@furl.net,Male,149.238.156.1
432,Thain,Cussen,tcussenbz@cloudflare.com,Male,1.109.149.238
433,Kurt,Doole,kdoolec0@ovh.net,Male,154.0.188.148
434,Rozamond,Marchi,rmarchic1@who.int,Female,249.4.108.78
435,Meredith,Vaan,mvaanc2@google.com.hk,Female,102.75.124.134
436,Adrian,Passie,apassiec3@canalblog.com,Male,233.115.189.36
437,Vanessa,Kollaschek,vkollaschekc4@hhs.gov,Female,100.192.133.220
438,Brigg,Hub,bhubc5@typepad.com,Male,125.88.132.193
439,Brit,Linford,blinfordc6@foxnews.com,Male,180.180.134.62
440,Courtney,Turford,cturfordc7@prlog.org,Male,150.20.190.188
441,Cally,Sprigin,cspriginc8@imgur.com,Female,76.161.135.61
442,Candie,Yurivtsev,cyurivtsevc9@mail.ru,Female,118.59.207.208
443,Madelina,Cannicott,mcannicottca@pagesperso-orange.fr,Female,23.134.244.178
444,Dallas,Maher,dmahercb@hc360.com,Male,12.65.117.164
445,Pall,Kilkenny,pkilkennycc@godaddy.com,Male,155.39.110.49
446,Otis,Codman,ocodmancd@sbwire.com,Male,253.145.250.209
447,Ingaborg,Broader,ibroaderce@dion.ne.jp,Female,86.178.79.43
448,Shawn,O'Sirin,sosirincf@utexas.edu,Male,176.125.161.183
449,Edwina,Hanson,ehansoncg@unicef.org,Non-binary,247.230.190.51
450,Marie-ann,Pontefract,mpontefractch@independent.co.uk,Female,63.159.135.182
451,Toddy,Barsham,tbarshamci@nba.com,Male,61.164.229.22
452,Cazzie,Sheaber,csheabercj@blogger.com,Male,83.173.111.226
453,Carol,Standall,cstandallck@washington.edu,Female,255.63.137.193
454,Eddi,Dowdell,edowdellcl@yellowbook.com,Female,161.54.144.96
455,Carling,Coom,ccoomcm@blogspot.com,Male,150.236.95.68
456,Erica,Anstey,eansteycn@desdev.cn,Female,234.78.107.173
457,Josefina,Niccols,jniccolsco@list-manage.com,Female,16.215.41.194
458,Winnie,Bonhill,wbonhillcp@disqus.com,Female,216.52.156.114
459,Matthiew,Leathem,mleathemcq@hatena.ne.jp,Genderfluid,165.82.17.178
460,Doroteya,Wayte,dwaytecr@smugmug.com,Female,162.6.241.208
461,Federica,Martyns,fmartynscs@sitemeter.com,Polygender,101.151.182.7
462,Mame,Bartosik,mbartosikct@1und1.de,Female,233.240.177.86
463,Burty,Curdell,bcurdellcu@taobao.com,Male,80.213.150.100
464,Krysta,Radborn,kradborncv@guardian.co.uk,Female,108.240.185.55
465,Son,Dart,sdartcw@unicef.org,Male,191.64.69.222
466,Artemas,Gover,agovercx@oaic.gov.au,Male,15.138.230.0
467,Mirelle,Rattery,mratterycy@altervista.org,Female,76.91.31.16
468,Euphemia,Duplock,eduplockcz@usgs.gov,Female,140.36.97.146
469,Shena,Greenrodd,sgreenroddd0@ustream.tv,Female,5.3.50.102
470,Izaak,Sictornes,isictornesd1@ow.ly,Male,185.239.186.176
471,Bird,Langcaster,blangcasterd2@netlog.com,Female,168.56.227.191
472,Romola,Gamlen,rgamlend3@businessweek.com,Female,210.255.235.70
473,Erinn,Perri,eperrid4@independent.co.uk,Female,89.220.218.217
474,Fraze,Tolefree,ftolefreed5@sbwire.com,Polygender,98.148.204.135
475,Hewett,Godehard.sf,hgodehardsfd6@go.com,Male,28.204.223.59
476,Carroll,Klewer,cklewerd7@google.com.hk,Male,5.180.175.89
477,Vida,Creavan,vcreavand8@upenn.edu,Female,200.134.252.1
478,Bing,Cutridge,bcutridged9@ovh.net,Male,233.81.252.186
479,Tobiah,Gladdor,tgladdorda@facebook.com,Male,127.12.114.149
480,Nady,Layburn,nlayburndb@google.ca,Female,54.77.24.234
481,Clarice,Faucherand,cfaucheranddc@hud.gov,Female,21.17.112.173
482,Baldwin,Stove,bstovedd@dedecms.com,Male,97.123.110.142
483,Sadella,Rosario,srosariode@google.ru,Female,214.19.113.101
484,Norene,McClay,nmcclaydf@cdc.gov,Female,167.141.173.82
485,Wolf,Ruppelin,wruppelindg@twitpic.com,Male,1.238.141.48
486,Jeramie,Whyley,jwhyleydh@chicagotribune.com,Male,113.94.25.220
487,Lucho,Tumioto,ltumiotodi@delicious.com,Male,102.115.5.51
488,Christabella,Smitherman,csmithermandj@yellowbook.com,Female,178.52.130.21
489,Inger,Maciaszek,imaciaszekdk@weebly.com,Male,193.228.144.82
490,Gerek,Drieu,gdrieudl@technorati.com,Bigender,45.203.130.137
491,Paddie,Manicomb,pmanicombdm@pcworld.com,Male,66.38.36.216
492,Corinna,Manby,cmanbydn@abc.net.au,Female,183.7.196.243
493,Mylo,Guillond,mguillonddo@mlb.com,Male,198.114.77.45
494,Letti,Pennaman,lpennamandp@gmpg.org,Polygender,44.220.131.233
495,Parke,Waine,pwainedq@tumblr.com,Male,108.49.89.70
496,Mae,Offiler,moffilerdr@nhs.uk,Female,198.179.151.123
497,Agustin,Holde,aholdeds@mtv.com,Male,238.216.141.214
498,Giordano,Thornebarrow,gthornebarrowdt@springer.com,Male,184.139.233.251
499,Sal,Charrington,scharringtondu@drupal.org,Female,42.115.113.74
500,Jody,Humberston,jhumberstondv@twitter.com,Male,37.133.16.26
501,Rivi,Itzkovwich,ritzkovwichdw@prlog.org,Female,17.27.38.98
502,Kattie,Klinck,kklinckdx@webnode.com,Female,16.246.87.125
503,Ruddie,Cowoppe,rcowoppedy@php.net,Male,34.230.238.199
504,Tate,Liepins,tliepinsdz@chicagotribune.com,Female,83.17.77.134
505,Kevin,Coche,kcochee0@nps.gov,Male,49.253.62.183
506,Bradford,Nixon,bnixone1@prweb.com,Male,218.236.96.232
507,Ode,Gillian,ogilliane2@craigslist.org,Bigender,43.129.77.146
508,Lari,Castellan,lcastellane3@infoseek.co.jp,Female,54.172.65.253
509,Hamil,Rosone,hrosonee4@java.com,Male,65.192.19.42
510,Kitti,Seppey,kseppeye5@weibo.com,Female,129.84.116.213
511,Dorise,Gardner,dgardnere6@icq.com,Female,243.113.97.57
512,Rochette,Mitchley,rmitchleye7@nih.gov,Female,247.6.124.73
513,Marieann,Eccleshall,meccleshalle8@tamu.edu,Female,225.235.7.78
514,Stephenie,Heinzler,sheinzlere9@aboutads.info,Agender,216.229.158.231
515,Garrett,L'Hommee,glhommeeea@ed.gov,Male,52.41.225.22
516,Chevy,Stollberger,cstollbergereb@eepurl.com,Male,152.148.72.16
517,Mervin,Matissoff,mmatissoffec@joomla.org,Male,2.86.22.172
518,Babita,Dunne,bdunneed@boston.com,Female,185.201.3.179
519,Reginald,Tatersale,rtatersaleee@gnu.org,Male,124.116.102.203
520,Dennison,Haglinton,dhaglintonef@cdbaby.com,Male,58.130.92.98
521,Olivette,Webland,oweblandeg@nytimes.com,Female,230.75.202.120
522,Bekki,Aberdalgy,baberdalgyeh@columbia.edu,Genderfluid,114.107.211.193
523,Benjy,Alton,baltonei@nps.gov,Male,14.1.65.145
524,Letty,Scamp,lscampej@aol.com,Female,51.41.212.210
525,Andris,Dunbleton,adunbletonek@webeden.co.uk,Male,6.105.69.206
526,Glenn,Canby,gcanbyel@bigcartel.com,Female,200.249.219.120
527,Leif,Attreed,lattreedem@opera.com,Male,103.30.161.163
528,Paola,Hundell,phundellen@upenn.edu,Female,19.156.162.103
529,Prudi,Crean,pcreaneo@umn.edu,Female,19.237.74.220
530,Mercy,Shervington,mshervingtonep@amazon.com,Female,181.239.111.70
531,Nil,Goodliff,ngoodliffeq@flavors.me,Male,166.118.75.117
532,Leonerd,Crockley,lcrockleyer@whitehouse.gov,Male,211.253.65.92
533,Bea,Abdie,babdiees@ezinearticles.com,Female,170.251.190.80
534,Kaela,Clandillon,kclandillonet@wsj.com,Female,2.38.90.246
535,Donna,Kertess,dkertesseu@storify.com,Female,90.131.230.17
536,Haywood,Duffit,hduffitev@seesaa.net,Polygender,203.100.85.144
537,Erik,Wyke,ewykeew@nps.gov,Male,238.92.229.99
538,Camella,Binning,cbinningex@mysql.com,Female,214.142.251.10
539,Mada,Le Marquand,mlemarquandey@taobao.com,Female,89.186.164.10
540,Cecilio,Longhorn,clonghornez@uiuc.edu,Male,53.116.136.210
541,Paxon,Toffel,ptoffelf0@slideshare.net,Male,45.208.148.207
542,Allsun,Waplinton,awaplintonf1@cargocollective.com,Female,38.190.218.233
543,Rea,Chaise,rchaisef2@sogou.com,Female,103.231.142.157
544,Sterne,Stidever,sstideverf3@livejournal.com,Male,33.206.9.153
545,Tadeo,Rockwill,trockwillf4@howstuffworks.com,Male,220.79.232.21
546,Oralla,Brion,obrionf5@google.pl,Female,102.198.124.144
547,Whit,Fretter,wfretterf6@godaddy.com,Male,97.7.107.176
548,Kailey,Szapiro,kszapirof7@storify.com,Female,217.92.116.164
549,Bibby,MacCaughan,bmaccaughanf8@go.com,Female,82.192.114.11
550,Francisca,Corrao,fcorraof9@desdev.cn,Female,153.141.8.243
551,Dur,Haysom,dhaysomfa@jugem.jp,Male,203.100.231.152
552,Vernor,Reichhardt,vreichhardtfb@latimes.com,Male,193.115.14.90
553,Cacilie,Huxtable,chuxtablefc@noaa.gov,Female,91.48.235.97
554,Archibold,Runcieman,arunciemanfd@slideshare.net,Male,231.107.90.28
555,Jasen,Albinson,jalbinsonfe@github.com,Male,89.101.127.58
556,Torrey,Probyn,tprobynff@timesonline.co.uk,Genderqueer,152.29.3.31
557,Dani,Thrussell,dthrussellfg@twitter.com,Female,181.149.65.208
558,Carmel,Clowton,cclowtonfh@ycombinator.com,Female,143.114.11.192
559,Waverley,Guitel,wguitelfi@state.tx.us,Male,240.124.130.57
560,Cordula,Tomes,ctomesfj@uol.com.br,Female,52.57.202.178
561,Idelle,Farfull,ifarfullfk@washington.edu,Female,36.40.50.18
562,Deane,Perott,dperottfl@google.co.jp,Female,114.178.112.251
563,Klarika,Ivanikov,kivanikovfm@unicef.org,Female,144.175.217.197
564,Garold,Hilhouse,ghilhousefn@bing.com,Male,219.245.121.36
565,Wanda,Goldfinch,wgoldfinchfo@irs.gov,Female,80.146.156.4
566,Itch,Morsom,imorsomfp@wunderground.com,Genderfluid,47.182.252.18
567,Marissa,Jayme,mjaymefq@pbs.org,Female,116.207.96.137
568,Miguel,Barles,mbarlesfr@wikispaces.com,Male,26.235.1.58
569,Anallese,Farnfield,afarnfieldfs@i2i.jp,Female,128.202.48.75
570,Emily,Hadenton,ehadentonft@trellian.com,Female,108.189.73.13
571,Romeo,Tyndall,rtyndallfu@netlog.com,Male,249.106.27.114
572,Darleen,Schwaiger,dschwaigerfv@about.me,Female,82.185.96.121
573,Susannah,Pedrick,spedrickfw@huffingtonpost.com,Female,109.234.5.195
574,Jyoti,Frushard,jfrushardfx@reuters.com,Female,69.20.115.139
575,Carree,Gomer,cgomerfy@theatlantic.com,Female,6.22.80.151
576,Bran,Sundin,bsundinfz@tripadvisor.com,Male,180.250.190.243
577,Graham,Ping,gpingg0@umich.edu,Male,174.190.18.131
578,Elset,Davall,edavallg1@indiegogo.com,Female,194.212.50.251
579,Pauly,MacKnockiter,pmacknockiterg2@nature.com,Female,178.135.53.139
580,Ricardo,Goulder,rgoulderg3@ow.ly,Male,193.251.175.34
581,Tiebold,Buffey,tbuffeyg4@diigo.com,Male,113.64.234.98
582,Garik,Hlavac,ghlavacg5@etsy.com,Male,63.104.27.173
583,Winfield,Emanuelov,wemanuelovg6@com.com,Polygender,111.224.246.32
584,Consuelo,Gilcriest,cgilcriestg7@paypal.com,Female,214.120.146.58
585,Sherye,Maasz,smaaszg8@washingtonpost.com,Female,108.10.154.49
586,Robbie,Tiptaft,rtiptaftg9@123-reg.co.uk,Female,145.12.121.88
587,Doralia,Najara,dnajaraga@ed.gov,Female,5.113.115.211
588,Cathyleen,Crankhorn,ccrankhorngb@aol.com,Female,246.76.191.182
589,Wain,Horsewood,whorsewoodgc@si.edu,Male,194.50.240.34
590,Ophelie,Bendixen,obendixengd@123-reg.co.uk,Female,140.92.0.29
591,Tailor,Lundbech,tlundbechge@blog.com,Male,36.180.226.3
592,Susana,Griffiths,sgriffithsgf@jimdo.com,Female,116.23.196.244
593,Joby,Sommerville,jsommervillegg@ow.ly,Polygender,138.12.128.144
594,Nevsa,Yeulet,nyeuletgh@squidoo.com,Female,248.222.89.14
595,Theo,Castanaga,tcastanagagi@moonfruit.com,Male,104.161.173.206
596,Dall,Brotherton,dbrothertongj@webnode.com,Male,123.191.176.46
597,Marianna,Kase,mkasegk@miibeian.gov.cn,Female,66.6.51.120
598,Gerianna,Churchman,gchurchmangl@harvard.edu,Female,73.78.165.31
599,Brock,Castiglio,bcastigliogm@moonfruit.com,Male,58.151.237.194
600,Nappy,Derrett,nderrettgn@360.cn,Male,42.93.184.193
601,Moses,Petrasch,mpetraschgo@aboutads.info,Male,115.216.178.171
602,Dolli,Pickthorne,dpickthornegp@dell.com,Female,243.28.53.113
603,Clevey,Gloyens,cgloyensgq@ebay.com,Male,181.92.20.120
604,Hurlee,Hiley,hhileygr@1688.com,Genderfluid,137.3.122.140
605,Murdock,Ewin,mewings@mapquest.com,Male,188.248.248.89
606,Godfree,Terrazzo,gterrazzogt@examiner.com,Male,75.88.175.19
607,Desirae,Bolesworth,dbolesworthgu@last.fm,Female,216.200.169.171
608,Burgess,Buntain,bbuntaingv@about.me,Male,69.146.98.187
609,Bryce,Dover,bdovergw@123-reg.co.uk,Male,168.136.41.163
610,Darsie,Connor,dconnorgx@wsj.com,Female,7.54.95.165
611,Mason,Link,mlinkgy@cnn.com,Male,151.238.177.75
612,Basilius,Ricarde,bricardegz@privacy.gov.au,Genderfluid,27.94.18.184
613,Benedick,Hambribe,bhambribeh0@nbcnews.com,Male,245.138.145.156
614,Allene,Carlone,acarloneh1@ucsd.edu,Female,18.15.134.90
615,Timothee,Hirschmann,thirschmannh2@gmpg.org,Male,149.183.251.123
616,Pammi,Torrijos,ptorrijosh3@census.gov,Female,77.170.129.57
617,Marnia,Coughlin,mcoughlinh4@a8.net,Female,194.22.108.246
618,Garrik,Feaster,gfeasterh5@simplemachines.org,Male,115.90.29.176
619,Nelson,Gottschalk,ngottschalkh6@harvard.edu,Male,217.93.80.24
620,Coretta,Shelmardine,cshelmardineh7@virginia.edu,Female,180.222.222.214
621,Isidore,Crass,icrassh8@vimeo.com,Male,105.93.152.185
622,Betta,Barmby,bbarmbyh9@wsj.com,Female,205.180.176.201
623,Juliette,Conford,jconfordha@icq.com,Female,55.68.232.85
624,Roda,Tudbald,rtudbaldhb@deviantart.com,Female,154.226.93.219
625,Prince,Beaston,pbeastonhc@netlog.com,Male,163.4.169.212
626,Bradney,Gaw,bgawhd@apache.org,Genderqueer,188.24.88.254
627,Kirsten,Flooks,kflookshe@acquirethisname.com,Female,76.65.167.176
628,Dennie,Callway,dcallwayhf@auda.org.au,Male,203.17.159.24
629,Guido,Dunsmore,gdunsmorehg@bravesites.com,Male,76.85.158.165
630,Chuck,Cohani,ccohanihh@soundcloud.com,Male,117.153.111.19
631,Trista,Lamball,tlamballhi@ox.ac.uk,Female,188.181.103.175
632,Barth,Lednor,blednorhj@washingtonpost.com,Male,184.105.107.117
633,Teodora,Patchett,tpatchetthk@opera.com,Female,160.20.91.182
634,Felic,Farny,ffarnyhl@w3.org,Male,253.248.112.195
635,Carissa,Caller,ccallerhm@blinklist.com,Female,176.253.50.94
636,Shirl,Stait,sstaithn@1688.com,Female,70.39.190.36
637,Stinky,Gordge,sgordgeho@washington.edu,Male,51.59.2.56
638,Chen,Muckley,cmuckleyhp@youku.com,Male,204.17.92.132
639,Daren,Harrold,dharroldhq@thetimes.co.uk,Male,105.191.1.118
640,Mohandis,Molder,mmolderhr@i2i.jp,Genderqueer,19.251.232.218
641,Goran,Pourveer,gpourveerhs@rambler.ru,Male,95.242.98.25
642,Hollyanne,MacHoste,hmachosteht@buzzfeed.com,Female,126.129.215.2
643,Francine,Merioth,fmeriothhu@narod.ru,Female,109.174.217.97
644,Nikoletta,Keable,nkeablehv@google.com,Genderfluid,46.152.26.142
645,Moselle,Turford,mturfordhw@merriam-webster.com,Female,183.203.1.210
646,Cynthy,Benettini,cbenettinihx@washington.edu,Female,249.169.140.253
647,Glynn,Munt,gmunthy@amazon.de,Male,67.199.196.129
648,Joellen,Tallyn,jtallynhz@eepurl.com,Female,39.122.251.123
649,Anjanette,Bosley,abosleyi0@webeden.co.uk,Female,152.247.255.61
650,Row,Crother,rcrotheri1@mapquest.com,Female,103.210.252.236
651,Mimi,Drinkeld,mdrinkeldi2@jiathis.com,Female,81.168.254.133
652,Hieronymus,Holborn,hholborni3@tmall.com,Male,170.186.231.176
653,Kassey,Gaisford,kgaisfordi4@privacy.gov.au,Female,50.42.181.175
654,Loella,Aloigi,laloigii5@ted.com,Polygender,184.70.9.115
655,Bronnie,Gilstin,bgilstini6@cloudflare.com,Male,167.113.66.7
656,Carrissa,Schimank,cschimanki7@tamu.edu,Female,39.145.186.56
657,Nanon,Knyvett,nknyvetti8@tuttocitta.it,Female,94.106.54.98
658,Kissie,Skaife,kskaifei9@tripod.com,Female,239.146.240.71
659,Farleigh,Pedlow,fpedlowia@purevolume.com,Polygender,241.210.70.164
660,Giordano,Peyton,gpeytonib@xinhuanet.com,Male,28.56.19.62
661,Creigh,Eustanch,ceustanchic@google.es,Male,190.45.158.110
662,Bebe,Dahlgren,bdahlgrenid@canalblog.com,Female,80.51.21.25
663,Francisco,Hanhardt,fhanhardtie@delicious.com,Male,206.113.114.153
664,Wildon,Hardiman,whardimanif@unc.edu,Male,205.213.234.112
665,Dennet,Carous,dcarousig@themeforest.net,Male,126.125.197.204
666,Ely,Smythin,esmythinih@howstuffworks.com,Male,254.30.91.230
667,Carline,Dimanche,cdimancheii@woothemes.com,Female,41.246.194.65
668,Jermaine,Catcheside,jcatchesideij@wired.com,Male,175.44.15.205
669,Clay,Beckitt,cbeckittik@phpbb.com,Polygender,178.203.77.34
670,Merwyn,Killgus,mkillgusil@ibm.com,Male,210.214.248.9
671,Jaymee,Caselick,jcaselickim@sun.com,Female,68.76.211.129
672,Sada,Zarfati,szarfatiin@odnoklassniki.ru,Female,195.25.44.10
673,Sofia,Strelitzki,sstrelitzkiio@narod.ru,Female,110.146.230.247
674,Ofella,Danev,odanevip@g.co,Female,107.3.149.185
675,Lilia,Brewis,lbrewisiq@google.cn,Female,133.244.120.40
676,Amalea,Allabarton,aallabartonir@phpbb.com,Female,163.35.32.200
677,Vassily,Cowey,vcoweyis@dropbox.com,Male,210.69.107.23
678,Ban,McKague,bmckagueit@walmart.com,Male,17.126.189.88
679,Simone,Teresa,steresaiu@state.tx.us,Female,34.109.139.142
680,Leona,Blanckley,lblanckleyiv@dedecms.com,Polygender,221.53.214.187
681,Gale,McGee,gmcgeeiw@washington.edu,Female,184.102.91.117
682,Granny,Gibbens,ggibbensix@booking.com,Male,213.178.179.151
683,Shep,Hendriksen,shendrikseniy@cdc.gov,Male,154.241.189.92
684,Pooh,Flott,pflottiz@linkedin.com,Male,149.28.185.117
685,Tiffi,McDiarmid,tmcdiarmidj0@pagesperso-orange.fr,Female,226.128.42.180
686,Antoine,Boteman,abotemanj1@oracle.com,Male,87.96.164.77
687,Vasili,Wraggs,vwraggsj2@vimeo.com,Male,38.167.16.161
688,Ernaline,Donat,edonatj3@cnet.com,Female,231.181.20.125
689,Arley,Morford,amorfordj4@51.la,Male,110.3.250.192
690,Royce,Bentz,rbentzj5@squidoo.com,Male,176.248.71.131
691,Gwyn,Sickling,gsicklingj6@toplist.cz,Female,129.184.110.140
692,Adey,Rikel,arikelj7@biblegateway.com,Female,50.18.67.147
693,Bea,Banbury,bbanburyj8@boston.com,Female,192.57.48.222
694,Ferdinand,Bramall,fbramallj9@ted.com,Male,26.210.4.12
695,Lark,Peizer,lpeizerja@cloudflare.com,Female,201.25.238.123
696,Willa,Kintish,wkintishjb@aboutads.info,Female,231.85.211.37
697,Sheridan,Farbrace,sfarbracejc@cloudflare.com,Male,29.110.88.44
698,Clarabelle,Kenyon,ckenyonjd@sourceforge.net,Female,66.30.173.123
699,Virgie,Randals,vrandalsje@arstechnica.com,Non-binary,243.196.206.184
700,Seamus,Nichols,snicholsjf@miibeian.gov.cn,Male,96.138.43.133
701,Gerrie,Cremin,gcreminjg@jiathis.com,Male,110.1.90.52
702,Hayley,Mechic,hmechicjh@ebay.co.uk,Female,98.51.22.184
703,Lorry,Beacom,lbeacomji@ca.gov,Non-binary,3.115.207.8
704,Rosetta,Groves,rgrovesjj@tumblr.com,Female,180.25.6.158
705,Hansiain,Beahan,hbeahanjk@mac.com,Male,107.233.109.34
706,Mureil,Succamore,msuccamorejl@prnewswire.com,Female,61.226.52.70
707,Lannie,Mathews,lmathewsjm@chron.com,Male,153.177.40.245
708,Iorgos,Harrald,iharraldjn@google.co.jp,Male,178.108.252.248
709,Rosella,Maunton,rmauntonjo@newsvine.com,Female,189.25.141.91
710,Gwenneth,Paddell,gpaddelljp@pbs.org,Female,62.231.165.123
711,Twyla,Shears,tshearsjq@loc.gov,Female,70.9.122.42
712,Cordula,Boyat,cboyatjr@aol.com,Female,137.250.108.241
713,Berrie,Woodrup,bwoodrupjs@google.de,Female,72.238.109.225
714,Sally,Huntingdon,shuntingdonjt@ucsd.edu,Genderfluid,131.97.177.243
715,Lizette,Blencoe,lblencoeju@walmart.com,Female,168.53.180.204
716,Austina,Gossop,agossopjv@state.gov,Female,143.10.98.254
717,Raddie,Attreed,rattreedjw@wisc.edu,Male,253.244.126.210
718,Agnola,Stanbro,astanbrojx@friendfeed.com,Female,38.231.120.103
719,Annabella,Unitt,aunittjy@chronoengine.com,Female,148.209.190.23
720,Niki,MacRirie,nmacririejz@over-blog.com,Female,150.73.21.231
721,Kevan,Boxer,kboxerk0@weibo.com,Male,238.92.47.16
722,Cordie,Kurdani,ckurdanik1@pbs.org,Female,5.204.58.196
723,Norton,Head,nheadk2@admin.ch,Agender,152.12.47.225
724,Cherilynn,Stodhart,cstodhartk3@nbcnews.com,Female,170.152.154.198
725,Muffin,Mendel,mmendelk4@howstuffworks.com,Female,92.178.94.234
726,Iorgos,Rowsell,irowsellk5@e-recht24.de,Male,26.63.78.198
727,Vassili,Shimwall,vshimwallk6@timesonline.co.uk,Male,67.157.204.18
728,Teddy,Arnaudon,tarnaudonk7@dell.com,Male,255.192.40.61
729,Gillian,Evitts,gevittsk8@yahoo.com,Agender,197.72.225.61
730,Lauralee,Stuchbury,lstuchburyk9@china.com.cn,Female,219.240.227.108
731,Doll,Loade,dloadeka@163.com,Female,243.79.199.100
732,Vern,Sempill,vsempillkb@psu.edu,Male,180.177.14.17
733,Arvin,Harragin,aharraginkc@yahoo.co.jp,Male,161.139.20.50
734,Paco,Spat,pspatkd@qq.com,Male,165.205.123.154
735,Sidonnie,Browse,sbrowseke@netlog.com,Female,21.138.247.106
736,Rodolphe,Kiehl,rkiehlkf@yolasite.com,Male,115.157.209.30
737,Matilda,Claisse,mclaissekg@wikia.com,Female,1.170.83.150
738,Jacky,Neve,jnevekh@theatlantic.com,Male,22.67.94.53
739,Felicia,Stovold,fstovoldki@usnews.com,Female,173.94.181.17
740,Jon,Penylton,jpenyltonkj@cdbaby.com,Male,177.216.114.173
741,Fowler,Barnicott,fbarnicottkk@linkedin.com,Male,137.141.130.182
742,Gaby,Blacklidge,gblacklidgekl@sohu.com,Male,123.161.31.156
743,Barbe,Lillico,blillicokm@naver.com,Female,78.199.88.254
744,Taddeo,Pleavin,tpleavinkn@nydailynews.com,Male,248.97.99.156
745,Jacquenetta,MacFadin,jmacfadinko@parallels.com,Female,226.231.156.167
746,Caria,Craigheid,ccraigheidkp@seattletimes.com,Female,172.40.71.234
747,Ketti,Quig,kquigkq@redcross.org,Female,239.215.48.111
748,Ellyn,Hugonnet,ehugonnetkr@nba.com,Female,216.105.228.103
749,Olag,Smardon,osmardonks@techcrunch.com,Male,5.16.124.29
750,Halimeda,Pahler,hpahlerkt@bandcamp.com,Genderqueer,151.175.197.95
751,Pebrook,O'Griffin,pogriffinku@spotify.com,Male,15.15.53.178
752,Amity,Larvent,alarventkv@home.pl,Female,0.113.81.250
753,Michel,Westrip,mwestripkw@wikia.com,Female,159.255.250.192
754,Hamilton,Shurville,hshurvillekx@boston.com,Male,211.67.19.47
755,Lorry,Beckenham,lbeckenhamky@linkedin.com,Male,118.25.98.73
756,Ally,Freddi,afreddikz@weibo.com,Female,159.230.0.141
757,Jany,Youdell,jyoudelll0@reverbnation.com,Female,30.105.198.141
758,Alexei,Jenton,ajentonl1@rediff.com,Male,184.127.70.243
759,Brittaney,Herety,bheretyl2@php.net,Genderqueer,249.75.254.111
760,Austin,Bletso,abletsol3@goo.gl,Female,163.60.84.3
761,Rutherford,Maciaszczyk,rmaciaszczykl4@nytimes.com,Male,245.134.93.237
762,Cary,Carlyle,ccarlylel5@ebay.com,Female,71.80.95.221
763,Milly,Hamlin,mhamlinl6@webs.com,Female,40.195.36.72
764,Webster,Plastow,wplastowl7@netlog.com,Male,145.95.63.17
765,Elyse,O'Harney,eoharneyl8@redcross.org,Female,93.53.101.246
766,Terri,Alltimes,talltimesl9@symantec.com,Male,29.247.145.113
767,Nefen,Ciementini,nciementinila@ning.com,Male,59.16.21.121
768,Jareb,Kenset,jkensetlb@gov.uk,Male,52.205.161.94
769,Ermanno,Uccelli,euccellilc@last.fm,Male,225.211.6.156
770,Hilario,McGuirk,hmcguirkld@nsw.gov.au,Polygender,7.232.142.199
771,Colman,Weblin,cweblinle@imdb.com,Male,107.155.54.244
772,Camel,Lavall,clavalllf@reverbnation.com,Female,6.11.129.188
773,Patricio,Phizacklea,pphizacklealg@ucsd.edu,Male,55.55.88.60
774,Blake,Godbert,bgodbertlh@va.gov,Male,93.7.69.186
775,Skippie,Challicombe,schallicombeli@upenn.edu,Male,1.241.29.38
776,Marc,Fausch,mfauschlj@nyu.edu,Male,0.152.177.130
777,Caesar,Elsegood,celsegoodlk@unc.edu,Male,132.119.12.58
778,Livia,Sisson,lsissonll@opera.com,Female,48.29.148.174
779,Town,Hollingsbee,thollingsbeelm@netscape.com,Male,58.106.2.195
780,Koral,Ickovits,kickovitsln@baidu.com,Female,179.6.75.131
781,Luke,Littleton,llittletonlo@usgs.gov,Male,197.144.56.13
782,Gram,Fischer,gfischerlp@google.com,Bigender,45.48.159.74
783,Quintina,Sykes,qsykeslq@twitpic.com,Genderqueer,95.209.58.53
784,Skye,Fligg,sfligglr@yellowbook.com,Male,254.150.251.8
785,Herold,Sedgeman,hsedgemanls@geocities.jp,Male,38.99.116.54
786,Marybelle,Pendrick,mpendricklt@so-net.ne.jp,Female,183.233.42.229
787,Evey,Gocke,egockelu@example.com,Female,134.9.48.251
788,Cathrin,Oldroyd,coldroydlv@delicious.com,Female,13.211.209.87
789,Sigismund,Wattinham,swattinhamlw@i2i.jp,Male,230.72.200.33
790,Selle,Baston,sbastonlx@nationalgeographic.com,Female,248.156.151.224
791,Demetri,Thrasher,dthrasherly@blog.com,Male,217.182.33.113
792,Gillian,Hiddsley,ghiddsleylz@ow.ly,Female,205.191.51.80
793,Aviva,Chaytor,achaytorm0@pbs.org,Female,160.86.44.197
794,Madelon,Asquez,masquezm1@craigslist.org,Female,76.105.29.166
795,Kiah,MacAnespie,kmacanespiem2@indiegogo.com,Genderfluid,202.105.41.219
796,Tod,Pickvance,tpickvancem3@de.vu,Genderqueer,132.194.220.178
797,Bert,Gates,bgatesm4@google.nl,Female,27.57.82.243
798,Kayla,MacConnechie,kmacconnechiem5@istockphoto.com,Female,146.138.209.221
799,Aurelia,Handley,ahandleym6@independent.co.uk,Female,246.237.221.32
800,Abey,Keyte,akeytem7@diigo.com,Male,109.34.211.85
801,Brody,Fosh,bfoshm8@rediff.com,Male,192.179.103.5
802,Teodorico,Stubbley,tstubbleym9@networkadvertising.org,Bigender,78.126.170.126
803,Cory,Le Ball,cleballma@upenn.edu,Male,127.39.251.57
804,Shannen,Concannon,sconcannonmb@uiuc.edu,Female,3.49.95.92
805,Urban,Prazor,uprazormc@booking.com,Male,72.37.15.255
806,Dorolice,Bauldry,dbauldrymd@latimes.com,Female,116.132.54.199
807,Fanechka,Hickisson,fhickissonme@chron.com,Female,200.38.222.202
808,Glenine,Maurice,gmauricemf@qq.com,Female,141.221.50.125
809,Lexis,Watkins,lwatkinsmg@behance.net,Female,5.128.199.67
810,Obediah,Shingles,oshinglesmh@mayoclinic.com,Male,184.224.18.233
811,Gaby,Lavery,glaverymi@europa.eu,Female,234.91.247.29
812,Latisha,Anstead,lansteadmj@miitbeian.gov.cn,Genderfluid,142.51.90.178
813,Neall,Ebden,nebdenmk@examiner.com,Male,60.87.94.227
814,Currie,Broomer,cbroomerml@addtoany.com,Male,80.143.209.216
815,Minne,Scutter,mscuttermm@walmart.com,Female,125.22.217.187
816,Gordan,Maddicks,gmaddicksmn@ox.ac.uk,Male,167.167.89.235
817,Desirae,Powe,dpowemo@about.me,Female,179.247.75.225
818,Redd,Beard,rbeardmp@spiegel.de,Male,134.39.66.241
819,Rowen,Hinz,rhinzmq@angelfire.com,Male,145.193.6.100
820,Brewer,Breznovic,bbreznovicmr@naver.com,Male,78.236.53.137
821,Kailey,Kleiser,kkleiserms@deliciousdays.com,Female,64.148.146.106
822,Gui,Lumsden,glumsdenmt@discovery.com,Female,87.20.241.107
823,Crystie,Littleover,clittleovermu@army.mil,Female,204.92.58.254
824,Albrecht,Fennelow,afennelowmv@oakley.com,Male,57.100.78.187
825,Doria,Gothrup,dgothrupmw@discovery.com,Polygender,121.160.92.234
826,Yvonne,Romayn,yromaynmx@mysql.com,Female,51.105.182.105
827,Toinette,Pimlett,tpimlettmy@webs.com,Female,231.3.11.207
828,Sargent,Labro,slabromz@photobucket.com,Male,236.224.84.160
829,Ric,Stivens,rstivensn0@freewebs.com,Male,180.220.125.120
830,Law,Bales,lbalesn1@elpais.com,Male,40.246.132.62
831,Dorene,Hornig,dhornign2@creativecommons.org,Non-binary,18.232.210.242
832,Alexia,Kennsley,akennsleyn3@dmoz.org,Female,96.120.175.121
833,Hussein,Donavan,hdonavann4@topsy.com,Male,185.201.10.104
834,Stevy,Tomczykowski,stomczykowskin5@xinhuanet.com,Male,218.63.200.181
835,Lavinie,Bloom,lbloomn6@so-net.ne.jp,Female,148.57.247.220
836,Jarrad,Georgiev,jgeorgievn7@webs.com,Male,204.98.51.208
837,Nelia,Vickors,nvickorsn8@edublogs.org,Female,125.114.164.188
838,Barnett,Emburey,bembureyn9@boston.com,Male,37.232.82.9
839,Ronald,Andriesse,randriessena@prlog.org,Male,137.52.190.200
840,Keefer,Casserly,kcasserlynb@ftc.gov,Male,16.243.26.12
841,Lynnea,Hay,lhaync@1688.com,Female,195.11.205.164
842,Cherianne,McCleod,cmccleodnd@vk.com,Female,68.197.159.167
843,Ginger,Bilovsky,gbilovskyne@ucsd.edu,Agender,36.221.13.197
844,Glennis,Durbann,gdurbannnf@auda.org.au,Female,230.115.95.18
845,Erminia,Iwanicki,eiwanicking@shareasale.com,Female,243.89.4.237
846,Alain,Abbots,aabbotsnh@dagondesign.com,Male,3.200.46.103
847,Errick,Santoro,esantoroni@state.tx.us,Male,17.244.192.198
848,Chastity,Tesh,cteshnj@list-manage.com,Female,214.234.72.229
849,Ernaline,Burchmore,eburchmorenk@webeden.co.uk,Female,188.200.165.15
850,Tobye,Hamsson,thamssonnl@digg.com,Female,87.80.204.67
851,Trev,Ginger,tgingernm@stumbleupon.com,Male,237.150.129.44
852,Robb,O'Howbane,rohowbanenn@blogs.com,Male,120.197.120.243
853,Maridel,Bowler,mbowlerno@geocities.com,Female,196.192.143.61
854,Betti,Lief,bliefnp@phoca.cz,Female,210.226.132.30
855,Jacobo,Capnor,jcapnornq@sohu.com,Male,196.192.41.234
856,Arabelle,Bullier,abulliernr@engadget.com,Bigender,68.93.140.6
857,Aube,Prandoni,aprandonins@mediafire.com,Male,206.101.176.239
858,Cathyleen,Tommasuzzi,ctommasuzzint@mapy.cz,Female,106.249.71.103
859,Ashly,Claffey,aclaffeynu@myspace.com,Female,0.59.155.168
860,Carmine,McEwen,cmcewennv@youku.com,Male,245.213.236.244
861,Gardener,Everson,geversonnw@jimdo.com,Male,205.245.210.86
862,Myron,Codrington,mcodringtonnx@fastcompany.com,Male,186.161.94.87
863,Constancia,Welsby,cwelsbyny@networksolutions.com,Female,197.27.210.64
864,Mandy,Ahrenius,mahreniusnz@ed.gov,Female,239.248.142.33
865,Peggi,Rexworthy,prexworthyo0@clickbank.net,Female,195.230.8.238
866,Chane,Gallop,cgallopo1@jugem.jp,Genderqueer,229.172.98.5
867,Ailene,Antecki,aanteckio2@prweb.com,Female,213.220.184.45
868,Maria,Buckeridge,mbuckeridgeo3@icq.com,Female,164.124.162.20
869,Maurine,Aizikov,maizikovo4@spotify.com,Female,174.180.165.22
870,Florencia,Daysh,fdaysho5@stanford.edu,Female,207.42.166.37
871,Eartha,Goodere,egoodereo6@hao123.com,Non-binary,224.226.107.232
872,Bondon,Poundford,bpoundfordo7@slashdot.org,Male,33.34.88.137
873,Hilliard,Tuffs,htuffso8@skype.com,Male,209.218.81.172
874,Rozanne,Instone,rinstoneo9@multiply.com,Female,37.3.30.243
875,Sheryl,Spilsburie,sspilsburieoa@boston.com,Female,199.247.2.220
876,Ryan,Tapin,rtapinob@ehow.com,Male,176.159.200.193
877,Winifield,Chasemoore,wchasemooreoc@cdbaby.com,Polygender,108.30.222.6
878,Rosamund,Sutor,rsutorod@constantcontact.com,Female,59.62.53.151
879,Harry,Eddolls,heddollsoe@constantcontact.com,Male,108.15.4.146
880,Basil,Elcoate,belcoateof@1688.com,Polygender,170.194.30.18
881,Elli,Scotchmer,escotchmerog@craigslist.org,Female,154.155.23.135
882,Ginevra,Gerriets,ggerrietsoh@blog.com,Female,43.157.193.165
883,Ranna,Hellens,rhellensoi@stanford.edu,Female,240.61.8.187
884,Joane,Harcourt,jharcourtoj@webs.com,Female,101.229.42.161
885,Zoe,Petroulis,zpetroulisok@cyberchimps.com,Female,68.72.105.117
886,Bo,Plaide,bplaideol@trellian.com,Male,225.204.73.170
887,Aguistin,Gorringe,agorringeom@cdc.gov,Male,174.167.66.221
888,Maegan,Snow,msnowon@yellowpages.com,Female,218.54.91.118
889,Randall,Lorans,rloransoo@clickbank.net,Polygender,151.183.61.101
890,Cari,Granleese,cgranleeseop@shareasale.com,Female,90.94.126.74
891,Miquela,Allbones,mallbonesoq@naver.com,Female,9.29.237.145
892,Ludovico,Plinck,lplinckor@usda.gov,Male,23.171.87.41
893,Lalo,McGroarty,lmcgroartyos@naver.com,Male,87.168.251.44
894,Waverly,Van Salzberger,wvansalzbergerot@ning.com,Male,28.58.198.222
895,Kimberli,Crother,kcrotherou@imdb.com,Female,125.230.24.80
896,Andrey,Beldan,abeldanov@acquirethisname.com,Male,222.25.141.126
897,Kip,Fincke,kfinckeow@earthlink.net,Female,171.219.18.44
898,Marlo,McKague,mmckagueox@nationalgeographic.com,Female,106.169.121.161
899,Duke,Rother,drotheroy@sun.com,Male,151.87.205.78
900,Ozzie,Metherell,ometherelloz@rakuten.co.jp,Male,212.10.37.119
901,Booth,Threadgould,bthreadgouldp0@yahoo.co.jp,Male,74.238.24.195
902,Ketti,Mackiewicz,kmackiewiczp1@1688.com,Female,89.206.123.140
903,Cirstoforo,Goodlet,cgoodletp2@booking.com,Male,166.226.15.63
904,Amalee,Gavey,agaveyp3@phoca.cz,Female,164.194.151.92
905,Hartley,Duiged,hduigedp4@netvibes.com,Male,119.187.104.155
906,Vida,Manning,vmanningp5@skype.com,Female,181.214.67.31
907,Heidi,Blazevic,hblazevicp6@ask.com,Female,156.30.34.246
908,Flossy,Tillyer,ftillyerp7@yahoo.co.jp,Female,77.113.120.243
909,Oralla,Sawyer,osawyerp8@timesonline.co.uk,Non-binary,214.147.109.89
910,Agace,Lyttle,alyttlep9@fotki.com,Female,239.177.3.94
911,Irma,Heyball,iheyballpa@bandcamp.com,Agender,83.8.147.211
912,Graehme,Daintrey,gdaintreypb@hc360.com,Male,23.13.157.244
913,Lynelle,Gobell,lgobellpc@twitter.com,Female,40.20.114.218
914,Doretta,Duker,ddukerpd@tripod.com,Female,47.141.30.92
915,Inger,Sweatman,isweatmanpe@artisteer.com,Genderfluid,127.151.214.15
916,Murielle,Spilsbury,mspilsburypf@bigcartel.com,Female,191.202.33.119
917,Timi,Stancliffe,tstancliffepg@wp.com,Female,17.95.156.176
918,Kingsley,Chimenti,kchimentiph@china.com.cn,Male,212.84.18.81
919,Mick,Forson,mforsonpi@cloudflare.com,Male,169.23.143.151
920,Sheppard,Myrtle,smyrtlepj@mac.com,Male,32.155.174.202
921,Terencio,Swyer-Sexey,tswyersexeypk@samsung.com,Male,145.13.197.141
922,Leif,Greystoke,lgreystokepl@netvibes.com,Male,179.204.83.139
923,Shayla,Breadon,sbreadonpm@delicious.com,Female,137.147.244.138
924,Rossy,de Courcey,rdecourceypn@redcross.org,Male,52.133.188.73
925,Del,Coskerry,dcoskerrypo@google.es,Female,2.242.39.24
926,Scotti,Ledekker,sledekkerpp@is.gd,Male,182.19.226.125
927,Ardyth,Kermode,akermodepq@nps.gov,Female,61.198.23.7
928,Tabby,Freyne,tfreynepr@constantcontact.com,Male,89.21.36.110
929,Antonin,Hannaway,ahannawayps@google.com,Male,45.10.19.131
930,Elvina,Kneal,eknealpt@taobao.com,Female,108.210.38.47
931,Ozzie,Gwalter,ogwalterpu@addtoany.com,Male,227.246.89.125
932,Micheline,Laydel,mlaydelpv@admin.ch,Female,169.144.241.200
933,Trude,Barde,tbardepw@wikimedia.org,Female,153.33.96.44
934,Orion,Kurdani,okurdanipx@google.pl,Male,189.20.27.24
935,Dermot,Sabbatier,dsabbatierpy@xrea.com,Male,28.189.223.190
936,Gardy,Burgott,gburgottpz@walmart.com,Non-binary,184.14.255.107
937,Hercule,Ianiello,hianielloq0@wikimedia.org,Male,7.234.77.160
938,Esteban,Dessant,edessantq1@abc.net.au,Male,227.29.230.94
939,Randi,Fincham,rfinchamq2@walmart.com,Female,4.74.61.144
940,Menard,Shyres,mshyresq3@wp.com,Male,239.73.55.13
941,Mia,Stanwix,mstanwixq4@blogs.com,Female,156.86.91.162
942,Ceciley,Cornfoot,ccornfootq5@mashable.com,Female,63.223.225.178
943,Wendy,Weatherley,wweatherleyq6@last.fm,Non-binary,23.134.247.177
944,Fleming,O'Scanlon,foscanlonq7@so-net.ne.jp,Male,116.207.247.121
945,Tymothy,Prandini,tprandiniq8@wikimedia.org,Male,156.108.155.26
946,Donavon,De Malchar,ddemalcharq9@cdc.gov,Polygender,160.4.121.0
947,Netty,Heinrich,nheinrichqa@yellowbook.com,Female,33.28.211.242
948,Marysa,Hadny,mhadnyqb@china.com.cn,Female,188.225.140.20
949,Cristionna,Wiper,cwiperqc@irs.gov,Female,251.136.197.131
950,Husain,Tomasik,htomasikqd@cdc.gov,Male,251.59.209.188
951,Garry,Woodcock,gwoodcockqe@hexun.com,Male,97.62.183.41
952,Franklyn,Gowan,fgowanqf@illinois.edu,Male,98.113.52.240
953,Travus,Bover,tboverqg@ask.com,Male,255.26.98.231
954,Giselbert,Gonoude,ggonoudeqh@dmoz.org,Male,121.69.211.63
955,Jecho,Epton,jeptonqi@microsoft.com,Male,94.158.76.109
956,Benedicta,Merrall,bmerrallqj@state.tx.us,Female,247.183.219.76
957,Estell,Britcher,ebritcherqk@vk.com,Female,212.68.1.25
958,Waylen,Burlingham,wburlinghamql@printfriendly.com,Male,149.212.179.60
959,Charil,Mc Ilory,cmciloryqm@hao123.com,Female,155.221.187.142
960,Berne,Pitman,bpitmanqn@wp.com,Male,3.75.121.194
961,Hayes,Doylend,hdoylendqo@ning.com,Male,62.204.165.160
962,Julissa,Clifford,jcliffordqp@shop-pro.jp,Female,31.69.157.97
963,Gerianna,Coviello,gcovielloqq@rambler.ru,Female,18.170.161.73
964,Joycelin,Dulson,jdulsonqr@ebay.com,Bigender,38.227.237.217
965,Frannie,Mohammad,fmohammadqs@go.com,Female,221.218.113.41
966,Hildagarde,Khan,hkhanqt@businesswire.com,Female,181.186.187.251
967,Micki,Southan,msouthanqu@thetimes.co.uk,Female,48.72.69.180
968,Perry,Missenden,pmissendenqv@domainmarket.com,Female,254.217.185.250
969,Rogerio,Vaz,rvazqw@dion.ne.jp,Male,155.59.249.203
970,Augy,O'Hartnett,aohartnettqx@pen.io,Male,1.81.57.255
971,Sharon,Gullifant,sgullifantqy@sfgate.com,Female,190.111.190.227
972,Emilia,Marrow,emarrowqz@t.co,Female,67.192.28.243
973,Jilli,Philpault,jphilpaultr0@123-reg.co.uk,Female,102.70.246.248
974,Ilaire,Letch,iletchr1@php.net,Male,203.166.140.189
975,Ermanno,Janse,ejanser2@marriott.com,Male,211.182.156.93
976,Berenice,Van den Velde,bvandenvelder3@latimes.com,Female,103.79.83.193
977,Vail,Boultwood,vboultwoodr4@bandcamp.com,Male,77.153.84.245
978,Linn,von Grollmann,lvongrollmannr5@theatlantic.com,Male,226.194.202.127
979,Jeanne,Harryman,jharrymanr6@bloomberg.com,Female,166.248.147.199
980,Pincus,Clamp,pclampr7@yellowbook.com,Male,18.42.162.26
981,Kelsey,Moakson,kmoaksonr8@walmart.com,Male,75.131.151.0
982,Vin,Romanini,vromaninir9@multiply.com,Female,235.35.20.61
983,Eldon,Gosz,egoszra@tmall.com,Male,78.193.55.223
984,Freddi,Corradengo,fcorradengorb@samsung.com,Female,243.209.229.72
985,Gawain,Whitwood,gwhitwoodrc@pbs.org,Male,137.217.51.94
986,Shannah,Theml,sthemlrd@hostgator.com,Female,66.255.57.149
987,Lay,Malins,lmalinsre@ibm.com,Male,170.142.16.23
988,Reagan,Goggin,rgogginrf@lycos.com,Male,175.137.40.222
989,Hobard,Done,hdonerg@biblegateway.com,Male,150.224.201.219
990,Roi,Moff,rmoffrh@wunderground.com,Male,204.8.0.101
991,Piotr,Boarer,pboarerri@cloudflare.com,Male,189.202.85.252
992,Harmon,Corssen,hcorssenrj@bbb.org,Male,138.197.60.128
993,Lyndsey,Stockney,lstockneyrk@dmoz.org,Bigender,145.201.162.67
994,Isis,Bonallick,ibonallickrl@sciencedirect.com,Female,196.187.158.31
995,Shirley,Dye,sdyerm@creativecommons.org,Female,155.188.162.60
996,Margi,Redferne,mredfernern@earthlink.net,Female,107.156.131.121
997,Ingaberg,Jindracek,ijindracekro@pbs.org,Female,40.194.79.11
998,Yalonda,MacGinlay,ymacginlayrp@si.edu,Female,92.144.240.234
999,Angy,Dewdney,adewdneyrq@clickbank.net,Female,242.91.46.241
1000,Kynthia,Clemonts,kclemontsrr@last.fm,Female,83.239.202.117
