id,first_name,last_name,email,gender,ip_address
1,Alessandra,Dymoke,adymoke0@dot.gov,Bigender,85.227.199.177
2,Leanor,Heeley,lheeley1@lulu.com,Female,133.202.83.45
3,Kellina,Cocks,kcocks2@loc.gov,Female,88.163.234.159
4,Renard,Dyshart,rdyshart3@theatlantic.com,Male,27.242.110.105
5,Pia,Sally,psally4@technorati.com,Female,242.156.147.221
6,Rikki,Kobiera,rkobiera5@dmoz.org,Female,57.82.173.179
7,Sasha,Kittman,skittman6@tripadvisor.com,Male,38.250.72.206
8,Reinaldos,Oakenfull,roakenfull7@prweb.com,Male,33.212.28.143
9,Elisa,Boyland,eboyland8@google.it,Female,32.76.197.38
10,Garfield,Skermer,gskermer9@vinaora.com,Male,183.42.225.165
11,Ezmeralda,Adamolli,eadamollia@shareasale.com,Genderqueer,65.61.160.34
12,Olva,Porker,oporkerb@epa.gov,Female,123.137.107.242
13,Bernarr,Pyper,bpyperc@fotki.com,Male,115.150.122.19
14,Nelli,Klausewitz,nklausewitzd@nih.gov,Female,77.18.152.25
15,Fionnula,Garratty,fgarrattye@printfriendly.com,Female,42.136.63.123
16,Karole,Hukins,khukinsf@wisc.edu,Female,37.231.137.82
17,Conrade,Bargery,cbargeryg@multiply.com,Male,248.55.185.76
18,Ninon,McCallister,nmccallisterh@example.com,Female,93.42.190.202
19,Mitch,Prandoni,mprandonii@google.com.au,Male,200.68.181.148
20,Kristos,Hazelgrove,khazelgrovej@adobe.com,Male,121.34.206.4
21,Hunt,Piatkow,hpiatkowk@bloglovin.com,Male,51.10.50.213
22,Benjy,Gresly,bgreslyl@boston.com,Male,191.47.249.28
23,Tallulah,Ditts,tdittsm@nba.com,Female,170.140.66.204
24,Brittni,Boothroyd,bboothroydn@taobao.com,Female,37.52.201.228
25,Ashbey,Yve,ayveo@independent.co.uk,Male,77.247.13.165
26,Louis,Skuse,lskusep@wix.com,Male,161.32.92.174
27,Jennine,Breckenridge,jbreckenridgeq@fastcompany.com,Female,181.135.153.78
28,Birgit,Geale,bgealer@friendfeed.com,Agender,194.251.126.188
29,Fleurette,Fruin,ffruins@spiegel.de,Female,96.230.120.71
30,Kerry,Cardozo,kcardozot@jigsy.com,Polygender,172.241.162.91
31,Verine,Grouer,vgroueru@taobao.com,Female,38.100.141.42
32,Kellsie,Windless,kwindlessv@discuz.net,Non-binary,254.235.63.91
33,Mandie,Gorelli,mgorelliw@histats.com,Female,13.212.46.7
34,Merlina,Lionel,mlionelx@squidoo.com,Female,122.160.184.248
35,Marillin,Hargerie,mhargeriey@cam.ac.uk,Female,52.190.151.63
36,Kingsly,Adelsberg,kadelsbergz@wordpress.org,Male,151.137.91.140
37,Aeriel,Hegge,ahegge10@sphinn.com,Female,101.192.84.167
38,Bernie,Bilbrooke,bbilbrooke11@walmart.com,Male,203.147.179.107
39,Joannes,Parlet,jparlet12@ustream.tv,Female,179.190.180.83
40,Husein,Elfes,helfes13@un.org,Male,204.52.162.161
41,Chiquia,Vaggs,cvaggs14@gizmodo.com,Female,13.161.134.115
42,Ryan,Lowle,rlowle15@sina.com.cn,Male,205.44.45.151
43,Yovonnda,Pury,ypury16@youku.com,Female,106.187.25.112
44,Eliot,Buckthought,ebuckthought17@jugem.jp,Male,100.153.92.69
45,Kenon,Hamel,khamel18@redcross.org,Male,255.39.55.138
46,Eldin,Mellmer,emellmer19@answers.com,Male,143.206.247.102
47,Cobb,Proudlove,cproudlove1a@icq.com,Male,179.233.69.224
48,Hanan,Flasby,hflasby1b@pen.io,Male,95.180.49.114
49,Norri,Doreward,ndoreward1c@ucla.edu,Female,248.160.59.27
50,Sigfried,Raymont,sraymont1d@nationalgeographic.com,Male,222.141.93.203
51,Laverna,Marginson,lmarginson1e@blogspot.com,Genderfluid,253.26.120.200
52,Marnia,Fellos,mfellos1f@ucoz.ru,Female,16.178.21.157
53,Lainey,Huws,lhuws1g@spotify.com,Genderfluid,247.34.89.159
54,Alta,Medler,amedler1h@cdbaby.com,Female,132.34.18.235
55,Brody,Macari,bmacari1i@yahoo.co.jp,Male,12.32.192.233
56,Aloysius,Reame,areame1j@google.fr,Male,187.12.121.205
57,Ekaterina,Lampet,elampet1k@photobucket.com,Female,237.212.43.5
58,Concettina,Coulter,ccoulter1l@sfgate.com,Female,253.28.51.187
59,Kimberli,Bernard,kbernard1m@sitemeter.com,Female,0.86.184.204
60,Roderic,Bangiard,rbangiard1n@boston.com,Male,172.168.48.49
61,Kordula,Daldry,kdaldry1o@youku.com,Female,88.182.109.62
62,Brunhilde,MacCroary,bmaccroary1p@typepad.com,Female,98.48.176.157
63,Ogdan,Andriessen,oandriessen1q@slashdot.org,Male,101.125.240.184
64,Simon,Keirl,skeirl1r@wiley.com,Male,110.72.51.22
65,Theobald,Falks,tfalks1s@opensource.org,Male,27.190.151.7
66,Willey,Hindhaugh,whindhaugh1t@webmd.com,Male,170.19.19.154
67,Gallagher,Leer,gleer1u@macromedia.com,Male,131.233.244.240
68,Reginauld,Perrins,rperrins1v@ebay.com,Male,141.50.7.140
69,Ardis,Banthorpe,abanthorpe1w@craigslist.org,Polygender,242.183.45.222
70,Massimiliano,Navaro,mnavaro1x@vimeo.com,Male,91.6.189.140
71,Denney,Swaddle,dswaddle1y@imageshack.us,Male,39.222.127.176
72,Kit,Taill,ktaill1z@a8.net,Male,155.112.127.106
73,Chrisy,Baldi,cbaldi20@tinyurl.com,Male,27.140.117.236
74,Abbe,Bathurst,abathurst21@comsenz.com,Female,212.117.63.137
75,Gaynor,Ferraraccio,gferraraccio22@stumbleupon.com,Female,47.252.70.75
76,Hamnet,Caccavari,hcaccavari23@webs.com,Male,8.28.74.245
77,Jennica,Burkett,jburkett24@sina.com.cn,Female,140.250.246.127
78,Ernesto,Breedy,ebreedy25@biglobe.ne.jp,Bigender,77.221.19.207
79,Roosevelt,Nund,rnund26@infoseek.co.jp,Male,40.166.32.226
80,Catarina,Keirle,ckeirle27@utexas.edu,Female,81.74.231.45
81,Errol,McCue,emccue28@wikipedia.org,Male,255.183.78.1
82,Rhys,Sambedge,rsambedge29@yale.edu,Male,184.82.11.213
83,Annabella,Standfield,astandfield2a@google.de,Genderfluid,100.81.160.154
84,Rafa,Smaleman,rsmaleman2b@huffingtonpost.com,Genderfluid,80.144.208.112
85,Karyl,Hatter,khatter2c@hud.gov,Female,227.193.89.112
86,Porter,Alpin,palpin2d@jigsy.com,Male,168.178.140.58
87,Celestyn,Bousfield,cbousfield2e@mashable.com,Female,151.111.168.132
88,Jacques,Stoving,jstoving2f@wix.com,Male,37.75.8.9
89,Conchita,Ondrusek,condrusek2g@vistaprint.com,Female,206.87.126.50
90,Pru,Robillard,probillard2h@hibu.com,Agender,32.230.209.24
91,Devora,Stentiford,dstentiford2i@instagram.com,Female,199.234.141.53
92,Ly,Lowden,llowden2j@cocolog-nifty.com,Bigender,194.242.224.92
93,Conn,Schubert,cschubert2k@marriott.com,Male,209.164.127.232
94,Jose,Lapsley,jlapsley2l@rediff.com,Male,50.6.24.39
95,Taffy,Allewell,tallewell2m@soup.io,Polygender,95.216.44.192
96,Mora,Eskriett,meskriett2n@smh.com.au,Female,199.192.119.144
97,Dina,Kirkwood,dkirkwood2o@uol.com.br,Female,112.200.63.142
98,Barrie,Bielfeldt,bbielfeldt2p@webnode.com,Female,83.220.173.16
99,Sabrina,Greir,sgreir2q@globo.com,Female,140.123.84.172
100,Francesco,Josowitz,fjosowitz2r@mashable.com,Male,48.163.223.36
101,Marice,Lethcoe,mlethcoe2s@360.cn,Female,83.230.9.111
102,Ezra,Alsobrook,ealsobrook2t@wordpress.org,Agender,50.99.94.157
103,Birgitta,Ambresin,bambresin2u@artisteer.com,Female,212.63.81.93
104,Jim,Hanson,jhanson2v@51.la,Male,70.79.184.124
105,Putnam,Blackhall,pblackhall2w@amazonaws.com,Male,50.253.103.238
106,Dari,Hembling,dhembling2x@state.gov,Female,32.87.226.200
107,Rois,Moyne,rmoyne2y@amazon.co.uk,Female,154.91.239.132
108,Dolph,Ciraldo,dciraldo2z@altervista.org,Male,84.177.192.13
109,Rem,Oakshott,roakshott30@msn.com,Male,192.24.21.103
110,Bartholomeo,Curme,bcurme31@godaddy.com,Male,168.198.132.45
111,Alard,Franklyn,afranklyn32@google.ca,Male,62.42.222.53
112,Kass,Rheaume,krheaume33@opera.com,Female,46.45.221.218
113,Camellia,Poytress,cpoytress34@google.co.uk,Female,227.212.108.55
114,Duke,Salmen,dsalmen35@drupal.org,Male,164.31.179.115
115,Joella,Trayling,jtrayling36@webeden.co.uk,Female,141.245.86.135
116,Merle,Tebbet,mtebbet37@desdev.cn,Male,132.57.171.5
117,Tabby,Kingscote,tkingscote38@de.vu,Male,117.210.226.32
118,Roderich,Bruggen,rbruggen39@tamu.edu,Male,140.196.7.171
119,Terrijo,Wallworth,twallworth3a@usa.gov,Female,203.166.52.136
120,Zedekiah,Wattinham,zwattinham3b@prweb.com,Male,195.177.128.135
121,Corrianne,Perschke,cperschke3c@usda.gov,Non-binary,91.125.209.176
122,Star,Brogi,sbrogi3d@sphinn.com,Genderqueer,215.48.58.160
123,Hanny,Gavigan,hgavigan3e@ucoz.com,Female,126.213.33.241
124,Garnet,Camolli,gcamolli3f@wufoo.com,Female,224.201.242.197
125,Aloin,Enrdigo,aenrdigo3g@slideshare.net,Male,118.137.107.110
126,Laurence,Suffe,lsuffe3h@tripadvisor.com,Male,135.153.111.143
127,Roxane,Robins,rrobins3i@mashable.com,Genderfluid,137.117.136.229
128,Adeline,McAndrew,amcandrew3j@cornell.edu,Female,74.65.212.241
129,Kameko,Hover,khover3k@umn.edu,Female,37.229.186.240
130,Merilyn,Caldecutt,mcaldecutt3l@moonfruit.com,Female,94.160.14.106
131,Naoma,Emerson,nemerson3m@posterous.com,Female,84.188.138.169
132,Devinne,Busby,dbusby3n@paypal.com,Female,124.83.206.228
133,Reinhard,Heitz,rheitz3o@123-reg.co.uk,Male,192.44.81.246
134,Marcelo,Urling,murling3p@people.com.cn,Male,206.194.90.151
135,Miriam,Snape,msnape3q@paypal.com,Polygender,184.221.41.2
136,Lydie,Scamaden,lscamaden3r@nhs.uk,Polygender,34.108.203.5
137,Bidget,Sebastian,bsebastian3s@hud.gov,Female,125.15.53.171
138,Vin,Setterfield,vsetterfield3t@surveymonkey.com,Female,66.147.145.175
139,Clarice,Elger,celger3u@jigsy.com,Genderfluid,50.150.16.55
140,Cassie,Halfhyde,chalfhyde3v@newyorker.com,Female,68.146.45.59
141,Kacey,Slisby,kslisby3w@weather.com,Female,248.28.69.105
142,Esdras,Kendall,ekendall3x@scientificamerican.com,Male,242.31.205.104
143,Mavis,Widdows,mwiddows3y@cafepress.com,Female,117.27.249.250
144,Wright,Osbourn,wosbourn3z@freewebs.com,Male,230.232.96.250
145,Ringo,Wymer,rwymer40@indiatimes.com,Male,217.246.182.210
146,Esdras,Newband,enewband41@feedburner.com,Male,115.10.115.84
147,Cassius,Walby,cwalby42@xing.com,Male,110.197.68.55
148,Marrilee,Southby,msouthby43@shop-pro.jp,Genderfluid,253.127.26.160
149,Konrad,Townson,ktownson44@google.cn,Male,85.86.129.57
150,Jenifer,Lett,jlett45@nasa.gov,Female,122.125.175.192
151,Lois,Frame,lframe46@tamu.edu,Female,94.35.122.242
152,Kissiah,Pllu,kpllu47@hhs.gov,Female,137.210.61.63
153,Jewel,Kindred,jkindred48@slideshare.net,Female,146.110.172.191
154,Puff,Paler,ppaler49@odnoklassniki.ru,Male,214.209.13.206
155,Johnathan,McGroarty,jmcgroarty4a@shutterfly.com,Male,21.150.40.152
156,Godart,La Batie,glabatie4b@bing.com,Male,98.149.173.45
157,Rainer,Bothram,rbothram4c@wunderground.com,Male,66.206.179.214
158,Renaud,Quartermaine,rquartermaine4d@youtube.com,Male,92.74.253.12
159,Benjamen,Balassi,bbalassi4e@123-reg.co.uk,Male,48.54.202.52
160,Fernande,Lehrmann,flehrmann4f@adobe.com,Female,12.16.9.119
161,Claudetta,Castelot,ccastelot4g@webmd.com,Bigender,85.186.103.20
162,Javier,Klemps,jklemps4h@wikimedia.org,Male,235.245.11.60
163,Gan,Conochie,gconochie4i@mysql.com,Male,174.75.13.96
164,Garth,McGrey,gmcgrey4j@addthis.com,Male,118.57.251.156
165,Cosmo,Minette,cminette4k@histats.com,Male,12.60.227.252
166,Skyler,Synnott,ssynnott4l@biblegateway.com,Bigender,242.135.216.153
167,Hilda,McPartlin,hmcpartlin4m@sourceforge.net,Female,80.17.160.176
168,Celisse,St. Pierre,cstpierre4n@princeton.edu,Female,97.23.63.187
169,Frederik,Barensen,fbarensen4o@yale.edu,Male,155.193.58.70
170,Ethelind,Birts,ebirts4p@t.co,Bigender,60.178.138.79
171,Keefe,Guilloton,kguilloton4q@yellowpages.com,Male,181.77.9.68
172,Tandie,Stollwerk,tstollwerk4r@flickr.com,Female,209.130.224.135
173,Agneta,Pardoe,apardoe4s@aol.com,Female,86.14.213.188
174,Anders,Nockalls,anockalls4t@ask.com,Male,167.34.187.4
175,Derril,Warn,dwarn4u@illinois.edu,Polygender,79.133.19.253
176,Tremaine,Felten,tfelten4v@tuttocitta.it,Male,56.221.107.152
177,Augusta,Rivelon,arivelon4w@forbes.com,Female,197.114.207.1
178,Mortimer,Boulger,mboulger4x@google.co.uk,Male,32.118.117.165
179,Cesya,Schirach,cschirach4y@youtu.be,Female,167.35.96.111
180,Baxy,Gibbin,bgibbin4z@ca.gov,Male,67.163.170.36
181,Herve,McEniry,hmceniry50@ycombinator.com,Male,96.31.24.41
182,Ellery,Caston,ecaston51@hostgator.com,Male,176.224.170.134
183,Sasha,Jochens,sjochens52@instagram.com,Female,173.186.40.239
184,Aila,Toppes,atoppes53@netvibes.com,Female,7.176.152.121
185,Gale,Franklin,gfranklin54@netscape.com,Male,138.31.25.116
186,Vanessa,Shillabear,vshillabear55@si.edu,Female,235.64.169.38
187,Delcina,Mercer,dmercer56@earthlink.net,Female,211.166.73.91
188,Lauri,Markie,lmarkie57@cbslocal.com,Female,208.69.0.71
189,Hillery,De Mattei,hdemattei58@xinhuanet.com,Male,45.81.131.67
190,Hervey,O'Leary,holeary59@stanford.edu,Male,234.162.131.189
191,Gayle,Gylle,ggylle5a@jiathis.com,Female,43.210.228.228
192,Tatiana,Tinan,ttinan5b@sfgate.com,Female,216.187.27.128
193,Angil,Startin,astartin5c@pbs.org,Female,162.242.151.99
194,Josepha,Venditti,jvenditti5d@google.com.hk,Female,182.188.244.248
195,Fionnula,Swanwick,fswanwick5e@t.co,Female,102.9.7.24
196,Rowe,Weller,rweller5f@symantec.com,Female,254.178.183.93
197,Gerardo,Revan,grevan5g@archive.org,Genderqueer,214.198.58.4
198,Franky,Dawidsohn,fdawidsohn5h@answers.com,Male,250.242.120.245
199,Dolly,Sappson,dsappson5i@abc.net.au,Female,70.252.168.28
200,Nedi,Callender,ncallender5j@amazon.com,Female,215.241.55.186
201,Tobye,Pleavin,tpleavin5k@bbb.org,Female,43.239.176.108
202,Renado,Rebichon,rrebichon5l@angelfire.com,Non-binary,103.95.114.133
203,Corabel,Angier,cangier5m@nydailynews.com,Female,203.210.209.58
204,Sarette,Carabine,scarabine5n@utexas.edu,Female,248.100.152.196
205,Goldina,Andreassen,gandreassen5o@census.gov,Female,254.221.173.162
206,Marjie,Maddicks,mmaddicks5p@naver.com,Female,251.87.213.199
207,Eberhard,Leader,eleader5q@sphinn.com,Male,182.138.18.186
208,Kaspar,Krabbe,kkrabbe5r@is.gd,Male,198.183.149.65
209,Ara,McGarel,amcgarel5s@desdev.cn,Male,12.135.173.60
210,Valaree,Hovey,vhovey5t@foxnews.com,Female,152.237.33.99
211,Huey,Drinnan,hdrinnan5u@paginegialle.it,Male,188.129.144.24
212,Jere,Hesbrook,jhesbrook5v@google.cn,Male,224.199.252.5
213,Arvin,Bartlomieczak,abartlomieczak5w@cisco.com,Male,44.75.107.66
214,Kattie,Girk,kgirk5x@de.vu,Female,31.124.65.29
215,Florida,Mulloch,fmulloch5y@twitter.com,Female,210.64.189.90
216,Marian,Huard,mhuard5z@so-net.ne.jp,Genderfluid,184.109.4.178
217,Hillard,Gorgler,hgorgler60@prlog.org,Male,193.219.110.50
218,Hashim,Sleith,hsleith61@wikipedia.org,Male,26.202.122.58
219,Bellanca,Shepard,bshepard62@usatoday.com,Female,231.34.43.177
220,Art,Kelledy,akelledy63@privacy.gov.au,Male,1.100.68.65
221,Ewart,Luetchford,eluetchford64@bandcamp.com,Male,23.221.134.195
222,Gustavus,McKeating,gmckeating65@jigsy.com,Male,215.98.218.44
223,Annabel,Mirrlees,amirrlees66@elpais.com,Female,114.185.244.26
224,Gale,Tumulty,gtumulty67@macromedia.com,Female,27.190.83.145
225,Benita,Sangwine,bsangwine68@google.es,Genderqueer,103.175.158.136
226,Lissie,Cawdron,lcawdron69@google.it,Female,62.109.104.31
227,Adelina,Queree,aqueree6a@youtube.com,Polygender,73.190.156.114
228,Win,MacGeffen,wmacgeffen6b@who.int,Male,70.43.244.235
229,Damara,Grinvalds,dgrinvalds6c@amazon.de,Non-binary,52.59.238.7
230,Leroi,Suttell,lsuttell6d@chron.com,Male,251.192.3.60
231,Shep,Klais,sklais6e@qq.com,Male,100.247.3.243
232,Brant,Warlawe,bwarlawe6f@elegantthemes.com,Male,35.114.52.52
233,Ayn,Joly,ajoly6g@gravatar.com,Female,40.28.204.58
234,Pippa,McCritchie,pmccritchie6h@nifty.com,Female,147.50.165.224
235,Karly,Klimpt,kklimpt6i@nymag.com,Female,36.124.246.85
236,Rolfe,Trevaskus,rtrevaskus6j@cloudflare.com,Male,53.143.27.187
237,Parke,Philippe,pphilippe6k@constantcontact.com,Male,246.145.63.153
238,Jermaine,Linger,jlinger6l@booking.com,Male,240.238.203.135
239,Christiane,Roze,croze6m@loc.gov,Female,17.24.226.4
240,Ryley,Lugard,rlugard6n@dedecms.com,Male,13.101.172.116
241,Kikelia,Shorter,kshorter6o@about.me,Female,78.173.80.5
242,Loraine,Bothwell,lbothwell6p@constantcontact.com,Female,227.12.147.232
243,Hadley,Hofler,hhofler6q@who.int,Male,201.209.255.207
244,Jasun,Sanpher,jsanpher6r@google.com,Genderqueer,65.178.203.99
245,Cherye,Leyburn,cleyburn6s@redcross.org,Female,229.179.235.12
246,Linell,Simak,lsimak6t@sphinn.com,Female,81.143.86.14
247,Teriann,Pallent,tpallent6u@springer.com,Female,138.150.252.132
248,Lonny,Bellsham,lbellsham6v@shop-pro.jp,Male,215.122.28.44
249,Prescott,Crimpe,pcrimpe6w@google.co.jp,Genderfluid,109.212.11.57
250,Ag,Giamitti,agiamitti6x@newsvine.com,Female,61.6.169.32
251,Olly,Dauney,odauney6y@pen.io,Male,182.145.84.59
252,Ulric,Rigate,urigate6z@cafepress.com,Male,42.85.151.171
253,Andy,Vannoort,avannoort70@loc.gov,Male,235.225.146.244
254,Harriett,Blum,hblum71@jalbum.net,Female,97.69.68.60
255,Hayward,Parkhouse,hparkhouse72@wikipedia.org,Male,91.27.54.71
256,Joyann,McWilliam,jmcwilliam73@gov.uk,Female,97.202.68.103
257,Tammie,Colthard,tcolthard74@cbsnews.com,Male,231.157.139.60
258,Rosalind,Collyer,rcollyer75@stumbleupon.com,Non-binary,37.113.119.154
259,Iago,Tinner,itinner76@cpanel.net,Male,137.155.183.222
260,Stacee,Spradbery,sspradbery77@51.la,Male,52.17.18.98
261,Bibbye,Last,blast78@craigslist.org,Female,2.13.252.25
262,Theodore,Tweddell,ttweddell79@feedburner.com,Male,133.205.118.192
263,Elsi,Takos,etakos7a@bloglovin.com,Female,245.245.160.38
264,Tann,Achromov,tachromov7b@ted.com,Male,45.143.15.209
265,Marybelle,Guillotin,mguillotin7c@si.edu,Female,234.36.151.138
266,Lauren,Winterflood,lwinterflood7d@time.com,Male,98.212.18.3
267,Stirling,Obey,sobey7e@unesco.org,Male,140.44.26.58
268,Dulcy,Harlick,dharlick7f@cafepress.com,Female,85.252.212.206
269,Giovanni,Levy,glevy7g@china.com.cn,Genderqueer,132.63.252.97
270,Nedda,Camoys,ncamoys7h@imdb.com,Female,85.235.243.122
271,Angie,Stibbs,astibbs7i@t.co,Female,26.123.115.130
272,Marcellus,Redd,mredd7j@cyberchimps.com,Male,96.154.175.69
273,Almeria,Sockell,asockell7k@nasa.gov,Female,141.203.74.50
274,Myrta,Give,mgive7l@github.io,Female,122.27.85.209
275,Bobette,Keets,bkeets7m@youtube.com,Female,153.30.28.142
276,Eugene,Derrington,ederrington7n@smugmug.com,Male,87.161.23.169
277,Elmo,Wintle,ewintle7o@smugmug.com,Male,129.131.208.75
278,Hartwell,Gallatly,hgallatly7p@surveymonkey.com,Male,69.83.21.195
279,Tyler,Feldman,tfeldman7q@wikimedia.org,Male,149.175.133.217
280,Binky,Mesant,bmesant7r@webmd.com,Male,192.59.133.19
281,Graham,Klemenz,gklemenz7s@woothemes.com,Male,115.54.71.125
282,Kendall,Jorgensen,kjorgensen7t@nydailynews.com,Male,48.168.109.16
283,Joseito,McShirrie,jmcshirrie7u@studiopress.com,Male,89.186.73.99
284,Lucie,Cardero,lcardero7v@google.fr,Female,6.91.143.234
285,Letitia,Kiddy,lkiddy7w@deliciousdays.com,Female,32.24.133.160
286,Issi,Godrich,igodrich7x@sourceforge.net,Female,29.55.29.22
287,Glyn,Tiltman,gtiltman7y@earthlink.net,Male,15.77.240.33
288,Filia,Filppetti,ffilppetti7z@uiuc.edu,Genderfluid,105.239.201.136
289,Marj,Pentlow,mpentlow80@myspace.com,Female,81.164.65.65
290,Phyllis,Benting,pbenting81@reference.com,Female,37.110.109.253
291,Elihu,Canet,ecanet82@weibo.com,Male,178.145.68.25
292,Ashli,Job,ajob83@rediff.com,Female,129.149.207.125
293,Cariotta,Bardill,cbardill84@mysql.com,Female,163.158.24.78
294,Zeb,Gillani,zgillani85@ameblo.jp,Male,37.248.202.112
295,Ania,Lamblin,alamblin86@digg.com,Female,88.160.131.237
296,Washington,Snassell,wsnassell87@shutterfly.com,Male,171.54.102.72
297,Lani,Murphy,lmurphy88@usa.gov,Female,124.134.253.172
298,Jodi,Birdis,jbirdis89@networksolutions.com,Male,224.10.112.82
299,Claudine,Laurance,claurance8a@census.gov,Female,50.180.96.55
300,Lisle,Oris,loris8b@posterous.com,Male,231.37.186.34
301,Bronnie,Bryan,bbryan8c@elegantthemes.com,Male,213.145.53.222
302,Rosalinda,Varns,rvarns8d@imgur.com,Female,91.196.28.195
303,Vernor,Colclough,vcolclough8e@edublogs.org,Male,11.193.171.250
304,Genna,Tolwood,gtolwood8f@cornell.edu,Female,115.67.161.115
305,Gene,Aronow,garonow8g@marketwatch.com,Male,81.15.38.147
306,Samantha,De Anesy,sdeanesy8h@npr.org,Female,34.145.158.250
307,Jock,Beatey,jbeatey8i@rakuten.co.jp,Male,127.121.117.114
308,Shoshana,Streeter,sstreeter8j@unesco.org,Female,17.253.238.247
309,Lura,Dufty,ldufty8k@flavors.me,Female,100.182.106.204
310,Shaughn,MacGorrie,smacgorrie8l@oakley.com,Genderfluid,155.15.28.189
311,Anthe,Elsy,aelsy8m@printfriendly.com,Female,205.100.63.242
312,Peyton,Stonall,pstonall8n@ow.ly,Male,95.103.143.5
313,Bunny,Islep,bislep8o@delicious.com,Bigender,108.24.16.128
314,Bernie,Suddards,bsuddards8p@macromedia.com,Male,116.162.99.31
315,Blondell,Thundercliffe,bthundercliffe8q@indiegogo.com,Genderqueer,135.60.126.175
316,Diena,Miere,dmiere8r@springer.com,Female,162.98.45.101
317,Tersina,Adcocks,tadcocks8s@independent.co.uk,Female,231.27.7.83
318,Sofia,Forge,sforge8t@123-reg.co.uk,Female,202.158.186.199
319,Jemie,Swannack,jswannack8u@nydailynews.com,Female,209.91.124.178
320,Jannelle,O'Rodane,jorodane8v@example.com,Female,111.173.171.186
321,Zena,Brumfield,zbrumfield8w@patch.com,Female,97.116.28.129
322,Timothee,McCook,tmccook8x@google.com.au,Male,148.7.179.95
323,Donna,Seyler,dseyler8y@stumbleupon.com,Female,40.19.165.185
324,Lucila,Summerscales,lsummerscales8z@loc.gov,Female,81.88.240.159
325,Celestyna,Driuzzi,cdriuzzi90@live.com,Female,24.136.248.234
326,Tabby,Llorente,tllorente91@baidu.com,Male,96.173.115.16
327,Raquel,Stouther,rstouther92@usda.gov,Female,255.223.169.17
328,Raynard,Belamy,rbelamy93@php.net,Male,253.58.130.233
329,Hamilton,Scarratt,hscarratt94@tiny.cc,Male,114.177.177.131
330,Letitia,Gerrard,lgerrard95@wikimedia.org,Female,35.106.144.206
331,Adelaide,Stroyan,astroyan96@thetimes.co.uk,Female,17.245.133.112
332,Linda,Mayman,lmayman97@biblegateway.com,Female,221.214.224.81
333,Hynda,Boc,hboc98@flickr.com,Female,92.70.143.94
334,Cesaro,MacDearmid,cmacdearmid99@a8.net,Male,52.17.21.128
335,Obed,Enion,oenion9a@ucoz.com,Male,217.196.33.86
336,Rora,Gurdon,rgurdon9b@simplemachines.org,Female,229.253.221.233
337,Guendolen,Kubatsch,gkubatsch9c@about.me,Female,14.241.97.28
338,Caz,Saberton,csaberton9d@cam.ac.uk,Male,39.189.253.122
339,Jerrie,Kwiek,jkwiek9e@dot.gov,Agender,226.184.93.229
340,George,Choake,gchoake9f@seesaa.net,Female,20.207.27.222
341,Moise,Spearing,mspearing9g@yelp.com,Male,32.162.144.229
342,Shalna,Clemont,sclemont9h@cafepress.com,Female,153.81.208.182
343,Anthe,Chisholme,achisholme9i@nasa.gov,Female,182.109.164.193
344,Neille,Welsby,nwelsby9j@feedburner.com,Female,231.61.45.79
345,Isa,Steely,isteely9k@github.io,Male,220.103.24.14
346,Annice,Coveney,acoveney9l@seattletimes.com,Female,81.207.77.233
347,Valentia,Kimbell,vkimbell9m@ebay.co.uk,Female,14.148.233.41
348,Dedra,Matuszynski,dmatuszynski9n@liveinternet.ru,Female,168.18.129.59
349,Thorin,Hillin,thillin9o@cloudflare.com,Male,61.146.37.44
350,Stefano,Pitney,spitney9p@youtube.com,Male,159.37.179.62
351,Hadrian,Brun,hbrun9q@ihg.com,Male,241.208.87.77
352,Merci,Tabbitt,mtabbitt9r@histats.com,Female,179.12.109.6
353,Shandra,Insole,sinsole9s@tmall.com,Non-binary,172.151.11.184
354,Wilma,Rebbeck,wrebbeck9t@amazon.co.jp,Female,81.27.92.24
355,Yorgo,Emmatt,yemmatt9u@youtube.com,Male,134.82.249.21
356,Danielle,Perrat,dperrat9v@nasa.gov,Female,236.41.35.131
357,Noel,Wintle,nwintle9w@sogou.com,Male,58.160.64.39
358,Viole,Hazael,vhazael9x@npr.org,Female,196.66.217.46
359,Slade,Arrundale,sarrundale9y@free.fr,Male,139.246.16.70
360,Aili,Foxon,afoxon9z@army.mil,Female,107.133.169.119
361,Myrvyn,LLelweln,mllelwelna0@wordpress.org,Male,170.162.140.14
362,Claudius,Millican,cmillicana1@booking.com,Male,96.96.9.160
363,Lani,Sumption,lsumptiona2@google.it,Female,135.138.94.88
364,Micheil,Redan,mredana3@woothemes.com,Male,43.112.140.181
365,Felicle,Stirling,fstirlinga4@multiply.com,Female,29.100.65.16
366,Morgen,Cancellario,mcancellarioa5@latimes.com,Male,78.56.129.231
367,Brady,Hawe,bhawea6@ocn.ne.jp,Male,232.125.206.191
368,Dora,Taunton,dtauntona7@elegantthemes.com,Female,147.233.121.141
369,Meghan,Arundel,marundela8@tripod.com,Female,160.133.59.138
370,Bettine,Eburne,beburnea9@mail.ru,Female,145.67.162.187
371,Slade,Stepto,ssteptoaa@joomla.org,Non-binary,10.95.188.167
372,Pier,Golston,pgolstonab@opera.com,Female,160.130.203.202
373,Randy,Faccini,rfacciniac@google.ru,Male,218.180.136.97
374,Gasparo,Rubroe,grubroead@omniture.com,Male,182.150.120.33
375,Minnaminnie,Ravenscroftt,mravenscrofttae@nyu.edu,Female,52.81.252.250
376,Debby,Butterick,dbutterickaf@latimes.com,Female,220.92.29.60
377,Lurline,Bosenworth,lbosenworthag@alibaba.com,Agender,203.24.233.35
378,Emilio,MacKaile,emackaileah@who.int,Male,236.0.200.213
379,Yard,Duffil,yduffilai@patch.com,Male,12.72.106.179
380,Antoni,Pirrone,apirroneaj@dyndns.org,Male,206.61.35.60
381,Judah,Waycot,jwaycotak@tuttocitta.it,Male,77.252.36.60
382,Wiley,Worsham,wworshamal@time.com,Male,230.43.3.225
383,Titos,Briston,tbristonam@vk.com,Male,221.165.151.42
384,Jesse,Dreinan,jdreinanan@cdc.gov,Female,149.69.1.177
385,Terrence,Povall,tpovallao@omniture.com,Male,192.230.58.251
386,Sunny,Anstice,sansticeap@dropbox.com,Female,146.238.128.12
387,Alexandrina,Breewood,abreewoodaq@timesonline.co.uk,Bigender,150.56.208.166
388,Winfield,Lafay,wlafayar@twitter.com,Male,98.225.82.126
389,Cherilynn,Bohlin,cbohlinas@artisteer.com,Agender,242.183.67.167
390,Bunni,Danis,bdanisat@wikispaces.com,Female,1.16.76.152
391,Kiele,Tuddall,ktuddallau@reddit.com,Female,62.211.102.59
392,Cole,O'Doherty,codohertyav@nba.com,Male,12.158.224.153
393,Vinny,Bottell,vbottellaw@people.com.cn,Female,47.58.11.60
394,Bennie,Geeraert,bgeeraertax@springer.com,Male,154.233.110.24
395,Niki,Crates,ncratesay@barnesandnoble.com,Male,1.94.25.9
396,Nicolais,Powys,npowysaz@chronoengine.com,Male,246.248.61.87
397,Duffy,Bonhome,dbonhomeb0@meetup.com,Male,250.169.26.83
398,Harper,Jon,hjonb1@miibeian.gov.cn,Male,114.6.67.208
399,Izabel,Parrott,iparrottb2@joomla.org,Female,106.177.8.193
400,Calida,Franckton,cfrancktonb3@sun.com,Female,68.126.191.147
401,Cazzie,Derrett,cderrettb4@altervista.org,Polygender,42.91.89.109
402,Kalle,Anear,kanearb5@google.com.br,Male,157.229.253.147
403,Cosimo,Gascoigne,cgascoigneb6@a8.net,Male,183.221.7.36
404,Mendie,Mowatt,mmowattb7@nsw.gov.au,Male,85.34.93.248
405,Cindie,Lalor,clalorb8@redcross.org,Non-binary,244.44.243.224
406,Noland,Craft,ncraftb9@umn.edu,Male,144.254.215.82
407,Jena,McGeachy,jmcgeachyba@tinypic.com,Female,238.43.61.243
408,Maddi,Walbrun,mwalbrunbb@bloglines.com,Female,206.94.40.85
409,Fidela,Cornillot,fcornillotbc@hc360.com,Non-binary,22.159.61.162
410,Haily,Sobczak,hsobczakbd@aol.com,Male,11.181.82.51
411,Mason,Powell,mpowellbe@a8.net,Genderqueer,239.140.204.206
412,Sybila,Shilton,sshiltonbf@cnet.com,Female,58.107.26.9
413,Chicky,Salaman,csalamanbg@clickbank.net,Female,61.85.94.207
414,Inigo,Mosdell,imosdellbh@networksolutions.com,Male,109.225.4.11
415,Artemas,Aireton,aairetonbi@meetup.com,Male,59.20.230.148
416,Alaster,Aguirrezabala,aaguirrezabalabj@wikia.com,Male,38.71.14.122
417,Lucian,Peasegod,lpeasegodbk@weather.com,Male,72.244.165.236
418,Rennie,Raffin,rraffinbl@facebook.com,Female,218.86.123.99
419,Rhianna,Fiorentino,rfiorentinobm@altervista.org,Female,15.162.75.90
420,Wilton,Polon,wpolonbn@disqus.com,Male,3.142.131.152
421,Chrissy,Tant,ctantbo@wikimedia.org,Female,210.207.218.53
422,Ashley,Murfett,amurfettbp@wunderground.com,Male,35.232.23.217
423,Lyman,McGahy,lmcgahybq@psu.edu,Genderqueer,183.241.171.94
424,Gregg,Bennell,gbennellbr@fotki.com,Bigender,103.238.189.5
425,Faina,Faust,ffaustbs@prweb.com,Genderfluid,116.115.37.57
426,Lilias,Blaske,lblaskebt@yolasite.com,Female,79.149.99.184
427,Royce,Woolatt,rwoolattbu@google.nl,Male,107.29.103.247
428,Kimberli,Mozzini,kmozzinibv@springer.com,Female,93.87.106.251
429,Dav,O'Criane,docrianebw@meetup.com,Male,207.101.123.200
430,Leena,Sunnex,lsunnexbx@un.org,Female,207.179.27.57
431,Ferdinanda,Folkes,ffolkesby@latimes.com,Female,216.148.82.66
432,Anna-maria,Symmons,asymmonsbz@booking.com,Female,64.32.100.241
433,Riva,Burgum,rburgumc0@last.fm,Genderfluid,239.147.14.100
434,Danell,Goodin,dgoodinc1@epa.gov,Female,76.10.75.111
435,Darrin,Kelberman,dkelbermanc2@webeden.co.uk,Male,215.232.84.242
436,Fowler,Ewing,fewingc3@spiegel.de,Male,225.173.94.247
437,Brok,Cossell,bcossellc4@cbsnews.com,Male,1.164.198.87
438,Pall,Konzel,pkonzelc5@nyu.edu,Male,8.43.124.13
439,Claudia,Vuitton,cvuittonc6@nydailynews.com,Female,24.144.205.97
440,Raffarty,Perrelli,rperrellic7@nature.com,Male,203.248.176.222
441,Laurette,Doohan,ldoohanc8@barnesandnoble.com,Female,151.46.85.231
442,Sanderson,Duns,sdunsc9@netvibes.com,Male,188.236.220.174
443,Davine,Harrild,dharrildca@phpbb.com,Female,50.132.242.53
444,Wildon,Perocci,wperoccicb@walmart.com,Male,63.210.177.12
445,Hebert,Greenly,hgreenlycc@indiatimes.com,Male,229.191.200.174
446,Rustie,Cammish,rcammishcd@techcrunch.com,Male,74.186.84.75
447,Sukey,Crummay,scrummayce@scientificamerican.com,Female,3.178.52.222
448,Kellby,Richly,krichlycf@parallels.com,Male,167.35.68.203
449,Barbabas,Niece,bniececg@i2i.jp,Male,205.82.26.126
450,Martynne,Dunbabin,mdunbabinch@uiuc.edu,Female,201.22.73.24
451,Meriel,Horley,mhorleyci@csmonitor.com,Female,42.183.41.200
452,Wash,Phillcock,wphillcockcj@discovery.com,Male,94.53.165.57
453,Terrijo,Rival,trivalck@gnu.org,Female,211.84.70.20
454,Rutter,McShane,rmcshanecl@blinklist.com,Male,165.20.166.7
455,Estel,Whitwham,ewhitwhamcm@ning.com,Female,175.151.158.193
456,Ariana,Bratty,abrattycn@goodreads.com,Female,223.48.3.164
457,Loralie,De Caville,ldecavilleco@miibeian.gov.cn,Female,12.237.156.246
458,Bobbe,Sapsed,bsapsedcp@unicef.org,Female,109.83.92.78
459,Michelle,Brummell,mbrummellcq@domainmarket.com,Female,168.20.238.171
460,Lexie,Goodfield,lgoodfieldcr@craigslist.org,Female,52.194.49.226
461,Eyde,Wandrey,ewandreycs@berkeley.edu,Female,198.5.138.167
462,Brander,Bygraves,bbygravesct@slate.com,Non-binary,252.233.12.160
463,Birch,Heijne,bheijnecu@google.com.br,Male,35.244.232.23
464,Billye,Eardley,beardleycv@baidu.com,Female,89.218.69.220
465,Mommy,Negal,mnegalcw@kickstarter.com,Female,237.131.88.92
466,Max,Tomisch,mtomischcx@dmoz.org,Non-binary,91.47.187.10
467,Clary,Dron,cdroncy@disqus.com,Female,215.143.122.84
468,Sammy,Learmont,slearmontcz@phoca.cz,Male,107.50.134.158
469,Ambrosi,Roycroft,aroycroftd0@trellian.com,Male,97.1.170.142
470,Misty,Zollner,mzollnerd1@nsw.gov.au,Female,119.175.112.153
471,Martina,Whitehorn,mwhitehornd2@virginia.edu,Female,44.208.240.32
472,Dacie,Elverston,delverstond3@bizjournals.com,Female,141.173.118.53
473,Gary,Ditchburn,gditchburnd4@jigsy.com,Male,1.91.128.138
474,Raimund,Dutson,rdutsond5@ft.com,Male,156.198.126.122
475,Kristofor,Maghull,kmaghulld6@simplemachines.org,Male,186.6.203.241
476,Matty,Vasile,mvasiled7@netlog.com,Male,83.15.252.31
477,Shirley,Spackman,sspackmand8@nba.com,Female,237.87.245.177
478,Bourke,Erb,berbd9@shutterfly.com,Male,124.83.124.103
479,Jewel,Barnett,jbarnettda@gnu.org,Female,196.207.188.238
480,Douglas,Baldack,dbaldackdb@drupal.org,Male,226.136.13.25
481,Stanwood,Yeskov,syeskovdc@unicef.org,Bigender,139.91.59.76
482,Mair,Poundesford,mpoundesforddd@omniture.com,Female,207.255.175.82
483,Koralle,Riteley,kriteleyde@gov.uk,Female,123.239.157.27
484,Ofelia,Vallentine,ovallentinedf@nsw.gov.au,Female,142.247.91.169
485,Marie-jeanne,Hillburn,mhillburndg@indiatimes.com,Female,157.174.207.54
486,Fredrick,Trewman,ftrewmandh@bbb.org,Male,70.184.164.54
487,Catherine,Holah,cholahdi@miitbeian.gov.cn,Female,14.252.210.211
488,Maxy,Walling,mwallingdj@biblegateway.com,Female,255.222.185.116
489,Enoch,Gault,egaultdk@skype.com,Male,237.236.136.107
490,Martie,Atcock,matcockdl@telegraph.co.uk,Male,242.9.13.151
491,Tansy,Biggerstaff,tbiggerstaffdm@imdb.com,Female,98.34.103.118
492,Trent,Thorp,tthorpdn@usgs.gov,Male,249.118.60.107
493,Stuart,Di Franceshci,sdifranceshcido@dot.gov,Male,184.240.33.25
494,Miner,Kummerlowe,mkummerlowedp@ezinearticles.com,Male,153.195.177.194
495,Frankie,Boughey,fbougheydq@sourceforge.net,Female,216.164.23.80
496,Baudoin,Santus,bsantusdr@acquirethisname.com,Male,233.166.75.76
497,Rodina,Odhams,rodhamsds@state.tx.us,Polygender,161.164.114.193
498,Ware,Eberdt,weberdtdt@sina.com.cn,Genderqueer,120.7.44.19
499,Keene,Garthside,kgarthsidedu@nps.gov,Male,195.150.195.91
500,Orson,Durnell,odurnelldv@amazon.co.jp,Male,74.222.219.70
501,Ulysses,Gaffer,ugafferdw@chronoengine.com,Male,194.46.93.102
502,Teador,Ben-Aharon,tbenaharondx@noaa.gov,Male,136.88.72.230
503,Hertha,Menzies,hmenziesdy@narod.ru,Female,254.98.178.141
504,Elihu,Derrington,ederringtondz@usgs.gov,Bigender,249.108.53.142
505,Zia,Smallpiece,zsmallpiecee0@yellowbook.com,Female,222.93.230.32
506,Gage,Moakler,gmoaklere1@nbcnews.com,Male,193.15.206.33
507,Justen,Henfre,jhenfree2@drupal.org,Male,162.139.128.100
508,Honoria,Neary,hnearye3@drupal.org,Female,78.193.155.198
509,Janessa,Gurnett,jgurnette4@dot.gov,Female,109.13.59.19
510,Farlie,Batrick,fbatricke5@uiuc.edu,Male,77.173.50.223
511,Lauritz,Newlin,lnewline6@oracle.com,Male,168.209.236.199
512,Kaspar,Meechan,kmeechane7@gov.uk,Male,37.103.240.118
513,Giles,Hesse,ghessee8@alexa.com,Male,139.107.223.150
514,Falito,Airlie,fairliee9@theguardian.com,Male,169.222.250.136
515,Michal,Schroeder,mschroederea@disqus.com,Female,110.28.113.83
516,Micaela,Winspurr,mwinspurreb@amazon.co.jp,Female,38.107.73.236
517,Packston,Cutten,pcuttenec@ox.ac.uk,Male,115.154.229.26
518,Betteann,Crossley,bcrossleyed@noaa.gov,Female,23.39.183.199
519,Merna,Hext,mhextee@tuttocitta.it,Female,204.210.105.182
520,Lorettalorna,Arundel,larundelef@macromedia.com,Female,145.74.190.149
521,Trina,Esseby,tessebyeg@github.com,Female,5.145.14.72
522,Myrna,Matuszak,mmatuszakeh@unblog.fr,Female,85.200.132.157
523,Devonne,Macconaghy,dmacconaghyei@va.gov,Female,81.109.61.19
524,Giorgia,Beaty,gbeatyej@yelp.com,Female,76.37.173.55
525,Abbe,Bulfoy,abulfoyek@mac.com,Male,147.59.194.193
526,Boigie,Parlet,bparletel@google.nl,Male,193.82.65.205
527,Shaylyn,Penkethman,spenkethmanem@mlb.com,Female,28.76.72.199
528,Dimitri,Kennler,dkennleren@slate.com,Male,188.25.199.47
529,Lana,Nudde,lnuddeeo@de.vu,Agender,65.70.188.146
530,Bobby,Trude,btrudeep@domainmarket.com,Female,95.44.107.69
531,Franny,MacGee,fmacgeeeq@tiny.cc,Male,209.34.230.115
532,Cleveland,Goodredge,cgoodredgeer@wp.com,Male,39.235.122.225
533,Lind,Lefley,llefleyes@ucoz.ru,Female,235.101.121.247
534,Alonzo,Faichney,afaichneyet@dagondesign.com,Male,185.77.190.0
535,Verne,Fitkin,vfitkineu@utexas.edu,Male,113.49.156.252
536,Cynthia,Geill,cgeillev@usa.gov,Female,183.231.101.28
537,Tucky,Broggelli,tbroggelliew@marketwatch.com,Male,158.251.55.13
538,Ellen,Lenin,eleninex@goo.gl,Female,166.21.102.224
539,Edmund,Housecroft,ehousecroftey@miitbeian.gov.cn,Male,59.194.44.221
540,Merrielle,Grunder,mgrunderez@cbc.ca,Female,115.49.216.251
541,Lorianna,Alf,lalff0@yahoo.com,Female,66.131.64.63
542,Morley,Le feaver,mlefeaverf1@deviantart.com,Male,219.237.19.124
543,Hube,Decker,hdeckerf2@themeforest.net,Male,233.42.165.140
544,Nessa,Vardon,nvardonf3@vkontakte.ru,Female,172.15.221.28
545,Brana,Beavon,bbeavonf4@yelp.com,Female,148.102.31.163
546,Jarvis,Mustard,jmustardf5@amazon.co.uk,Non-binary,56.62.25.166
547,Desdemona,Westover,dwestoverf6@nih.gov,Female,29.4.157.32
548,Issiah,Veevers,iveeversf7@goo.gl,Male,124.247.59.59
549,Jojo,Hastin,jhastinf8@bizjournals.com,Female,122.223.70.102
550,Ambrose,Peckitt,apeckittf9@weebly.com,Male,7.8.40.68
551,Bronson,Kernaghan,bkernaghanfa@phoca.cz,Male,95.208.99.70
552,Jess,Ends,jendsfb@sfgate.com,Female,196.129.152.59
553,Cindi,Vallance,cvallancefc@1und1.de,Female,24.173.1.204
554,Mallorie,Albarez,malbarezfd@npr.org,Female,137.160.197.212
555,Jeremias,Ege,jegefe@comsenz.com,Male,153.82.42.175
556,Kirsti,Rapport,krapportff@nba.com,Female,29.200.32.198
557,Rina,Teece,rteecefg@wordpress.org,Female,160.130.24.64
558,Yance,Panter,ypanterfh@icio.us,Male,245.14.150.117
559,Taylor,Chuter,tchuterfi@360.cn,Male,15.211.145.221
560,Frederic,Marqyes,fmarqyesfj@t-online.de,Male,21.77.83.113
561,Tyne,Broadbere,tbroadberefk@creativecommons.org,Female,48.238.35.13
562,Regan,Attenbarrow,rattenbarrowfl@epa.gov,Female,2.198.27.45
563,Tremayne,De Gowe,tdegowefm@issuu.com,Genderfluid,237.74.129.158
564,Noland,Lankester,nlankesterfn@skyrock.com,Male,53.166.165.19
565,Gregorius,Sayles,gsaylesfo@squarespace.com,Male,113.128.146.55
566,Nola,Stalley,nstalleyfp@reference.com,Female,251.214.225.251
567,Fitzgerald,Dinnage,fdinnagefq@berkeley.edu,Male,236.118.31.40
568,Erminia,Petrecz,epetreczfr@boston.com,Female,223.143.249.105
569,Amargo,Hollington,ahollingtonfs@globo.com,Female,116.52.62.44
570,Bail,Hosby,bhosbyft@ehow.com,Male,146.1.215.29
571,Dian,Kasbye,dkasbyefu@europa.eu,Female,186.135.174.243
572,Melvyn,Meekings,mmeekingsfv@eepurl.com,Male,29.171.227.21
573,Ingrim,Easterbrook,ieasterbrookfw@usatoday.com,Male,59.43.11.250
574,Jarad,Case,jcasefx@behance.net,Male,197.85.40.121
575,Wiley,Bartosek,wbartosekfy@amazon.co.jp,Male,100.67.121.242
576,Sheilakathryn,Labroue,slabrouefz@stanford.edu,Female,9.188.155.148
577,Federico,Krier,fkrierg0@de.vu,Male,3.64.209.95
578,Jessa,Beavan,jbeavang1@reuters.com,Female,183.1.10.60
579,North,Barradell,nbarradellg2@blogger.com,Male,246.146.168.40
580,Terry,Bunford,tbunfordg3@marketwatch.com,Male,27.98.104.155
581,Marty,Antill,mantillg4@nytimes.com,Female,83.141.185.28
582,Manfred,Gear,mgearg5@yahoo.com,Male,31.154.211.252
583,Andros,Eckart,aeckartg6@infoseek.co.jp,Male,230.69.70.82
584,Daria,Weippert,dweippertg7@github.io,Female,72.212.210.55
585,Robinett,Jobey,rjobeyg8@moonfruit.com,Female,227.207.199.32
586,Freddie,Huskisson,fhuskissong9@aboutads.info,Male,55.90.183.204
587,Viola,Wittman,vwittmanga@about.com,Female,172.196.225.219
588,Duncan,Rebert,drebertgb@joomla.org,Male,63.171.236.147
589,Garvey,McGorley,gmcgorleygc@joomla.org,Male,10.26.210.71
590,Nowell,Owain,nowaingd@reverbnation.com,Male,66.150.236.138
591,Carling,Linay,clinayge@ox.ac.uk,Male,42.148.87.204
592,Marcello,Hindsberg,mhindsberggf@mtv.com,Male,12.53.222.38
593,Skippy,Liveing,sliveinggg@lulu.com,Male,230.57.53.250
594,Pierette,Tippler,ptipplergh@ovh.net,Female,42.42.43.160
595,Lola,Golland,lgollandgi@friendfeed.com,Female,119.88.226.163
596,Hayyim,Bingell,hbingellgj@devhub.com,Male,127.75.40.141
597,Jacquenette,Decreuze,jdecreuzegk@army.mil,Genderfluid,38.116.134.51
598,Angil,Mariette,amariettegl@symantec.com,Female,183.75.64.57
599,Jermayne,Treweela,jtreweelagm@statcounter.com,Male,132.49.243.94
600,Rowe,Adriaan,radriaangn@desdev.cn,Genderqueer,96.58.56.212
601,Ellery,Hylden,ehyldengo@miitbeian.gov.cn,Male,243.84.71.49
602,Winifred,Inskipp,winskippgp@marriott.com,Female,132.50.21.155
603,Pippy,Ugolini,pugolinigq@mail.ru,Female,153.63.10.197
604,Linn,Dyche,ldychegr@noaa.gov,Male,7.253.26.98
605,Gareth,Robrose,grobrosegs@ask.com,Agender,61.34.24.97
606,Lyn,MacNeish,lmacneishgt@netscape.com,Female,20.64.42.131
607,Clint,Creese,ccreesegu@eepurl.com,Male,223.205.225.208
608,Garrik,Hannabus,ghannabusgv@bloglines.com,Male,172.229.67.101
609,Karlis,Avo,kavogw@ovh.net,Polygender,236.156.121.196
610,Harmonie,Randall,hrandallgx@posterous.com,Female,44.226.206.150
611,Marijo,Rockell,mrockellgy@pagesperso-orange.fr,Female,8.32.45.91
612,Aurore,Medmore,amedmoregz@google.com.hk,Female,76.17.205.207
613,Iggy,Maytum,imaytumh0@people.com.cn,Male,36.193.228.173
614,Kalil,Gueny,kguenyh1@e-recht24.de,Genderqueer,230.189.228.218
615,Melisandra,Cliffe,mcliffeh2@harvard.edu,Female,91.122.163.209
616,Joete,Ornillos,jornillosh3@bigcartel.com,Female,50.176.38.34
617,Mal,Sephton,msephtonh4@imageshack.us,Non-binary,235.90.93.110
618,Caritta,Jedrzejewsky,cjedrzejewskyh5@1688.com,Female,127.26.96.68
619,Bevvy,Summersby,bsummersbyh6@epa.gov,Genderfluid,46.13.138.213
620,Elizabet,Miners,eminersh7@usgs.gov,Female,135.35.112.199
621,Kurt,Vanes,kvanesh8@php.net,Male,13.80.106.15
622,Malorie,Ormond,mormondh9@independent.co.uk,Genderqueer,198.63.9.3
623,Hal,Drissell,hdrissellha@yahoo.com,Male,200.132.65.214
624,Reena,Biernacki,rbiernackihb@weibo.com,Female,15.135.49.175
625,Sheba,McSporrin,smcsporrinhc@facebook.com,Female,5.46.169.218
626,Effie,Rait,eraithd@lulu.com,Bigender,64.219.199.138
627,Misty,Nipper,mnipperhe@cbslocal.com,Female,17.159.163.173
628,Gaylor,Stobbe,gstobbehf@51.la,Genderqueer,25.135.246.251
629,Edlin,Mart,emarthg@goo.ne.jp,Male,213.103.242.58
630,Kerstin,Smalridge,ksmalridgehh@miitbeian.gov.cn,Female,2.214.14.60
631,Zonnya,Kurdani,zkurdanihi@flickr.com,Female,110.18.226.90
632,Tonya,Marsham,tmarshamhj@fc2.com,Female,83.18.140.16
633,Rivkah,Hannant,rhannanthk@barnesandnoble.com,Female,147.39.181.155
634,Iain,Kinchin,ikinchinhl@go.com,Genderfluid,183.32.227.247
635,Hally,Simonard,hsimonardhm@google.it,Female,188.132.160.185
636,Celina,Cosgrive,ccosgrivehn@paginegialle.it,Female,21.144.204.130
637,Grady,Pygott,gpygottho@ucoz.com,Male,81.67.81.178
638,Aggie,Kilcoyne,akilcoynehp@microsoft.com,Female,205.149.61.198
639,Palm,Matuszyk,pmatuszykhq@hc360.com,Genderfluid,21.86.154.20
640,Dyana,Yirrell,dyirrellhr@toplist.cz,Female,101.229.219.85
641,Aldwin,Duddin,aduddinhs@si.edu,Male,6.18.45.214
642,Dominique,Gotliffe,dgotliffeht@godaddy.com,Male,78.21.186.64
643,Allene,Gosnell,agosnellhu@utexas.edu,Female,114.242.24.124
644,Francis,Lesly,fleslyhv@google.pl,Male,15.229.182.187
645,Audy,Painter,apainterhw@nymag.com,Female,85.45.216.110
646,Alano,Smalman,asmalmanhx@twitpic.com,Non-binary,244.75.244.212
647,Veriee,Samart,vsamarthy@multiply.com,Female,103.220.234.34
648,Traci,Jagoe,tjagoehz@oracle.com,Female,155.220.239.192
649,Kordula,Ryle,krylei0@e-recht24.de,Female,41.156.174.193
650,Gavrielle,Bolter,gbolteri1@ehow.com,Female,63.231.167.151
651,Glenine,Learmond,glearmondi2@bloomberg.com,Female,0.54.56.121
652,Rasia,Pittman,rpittmani3@icio.us,Female,124.201.115.155
653,Pauli,McLoney,pmcloneyi4@google.co.jp,Female,78.45.155.70
654,Teador,Stephens,tstephensi5@time.com,Male,12.221.51.212
655,Violet,Demchen,vdemcheni6@creativecommons.org,Genderqueer,212.134.182.32
656,Lyell,Semple,lsemplei7@infoseek.co.jp,Male,208.6.41.217
657,Abel,Bollard,abollardi8@nytimes.com,Male,38.247.145.217
658,Millard,Ogglebie,mogglebiei9@merriam-webster.com,Male,129.24.63.194
659,Bria,Bebbington,bbebbingtonia@hatena.ne.jp,Non-binary,113.67.0.240
660,Barde,Tertre,btertreib@wikipedia.org,Agender,146.221.95.254
661,Donnajean,Barrasse,dbarrasseic@arizona.edu,Female,72.159.99.127
662,Selma,Granger,sgrangerid@yale.edu,Genderqueer,202.156.46.93
663,Delly,Tawse,dtawseie@eventbrite.com,Female,64.247.110.90
664,Engelbert,Carlyon,ecarlyonif@sfgate.com,Male,69.186.144.188
665,Rustin,Chevin,rchevinig@yahoo.co.jp,Male,60.159.119.227
666,Maurine,Pyke,mpykeih@imgur.com,Female,60.199.10.28
667,Theo,Feechan,tfeechanii@printfriendly.com,Male,59.77.197.38
668,Teodor,Russam,trussamij@ucsd.edu,Male,164.130.251.215
669,Dallon,Kippie,dkippieik@github.com,Male,253.130.103.5
670,Sarajane,Braybrooke,sbraybrookeil@shop-pro.jp,Agender,76.214.208.53
671,Benedict,Shaddock,bshaddockim@ustream.tv,Bigender,27.0.255.184
672,Johan,Greest,jgreestin@comcast.net,Male,108.35.207.69
673,Rubin,Straniero,rstranieroio@gravatar.com,Male,42.18.64.229
674,Onfre,Pratte,opratteip@wikimedia.org,Male,242.179.91.171
675,Myrilla,Spadollini,mspadolliniiq@whitehouse.gov,Female,63.28.187.184
676,Tremain,Ridett,tridettir@indiegogo.com,Male,82.3.212.122
677,Hailee,O' Flaherty,hoflahertyis@spiegel.de,Female,100.64.76.62
678,Timotheus,Dunsmuir,tdunsmuirit@wordpress.com,Non-binary,107.48.101.17
679,Kirsti,Crinkley,kcrinkleyiu@dagondesign.com,Female,156.17.81.85
680,Kele,Fawson,kfawsoniv@youtube.com,Male,36.234.15.249
681,Mayne,Unwins,munwinsiw@columbia.edu,Polygender,185.199.176.71
682,Nealon,Heifer,nheiferix@dell.com,Male,253.170.100.223
683,Marla,Penlington,mpenlingtoniy@miibeian.gov.cn,Female,13.210.34.231
684,Jed,Randleson,jrandlesoniz@tripod.com,Male,36.244.44.101
685,Coleen,Mold,cmoldj0@sohu.com,Female,16.212.211.148
686,Anett,Muttock,amuttockj1@nationalgeographic.com,Female,31.102.159.177
687,Isidora,Cristofol,icristofolj2@aboutads.info,Female,125.18.180.116
688,Irv,Trayhorn,itrayhornj3@pcworld.com,Male,222.101.54.241
689,Neale,Berthon,nberthonj4@princeton.edu,Male,100.5.180.212
690,Wandie,Otto,wottoj5@amazonaws.com,Female,250.95.128.110
691,Francklin,Bedow,fbedowj6@admin.ch,Male,131.185.195.14
692,Krystyna,Lainge,klaingej7@cnbc.com,Female,187.44.140.118
693,Kip,Inge,kingej8@xinhuanet.com,Male,153.250.246.8
694,Flss,Ledington,fledingtonj9@usnews.com,Female,244.200.211.134
695,Leta,Ashfull,lashfullja@mlb.com,Female,51.99.114.104
696,Abby,Upjohn,aupjohnjb@naver.com,Male,219.203.45.83
697,Frank,Desantis,fdesantisjc@virginia.edu,Male,115.5.45.250
698,Valry,Clemerson,vclemersonjd@unc.edu,Female,175.94.80.130
699,Radcliffe,Bartell,rbartellje@cocolog-nifty.com,Male,173.254.236.160
700,Waiter,Agostini,wagostinijf@ihg.com,Male,36.38.139.41
701,Grete,Liepmann,gliepmannjg@hao123.com,Female,19.177.127.203
702,Gaylord,Gaytor,ggaytorjh@icq.com,Male,24.102.1.132
703,Rachelle,Holby,rholbyji@123-reg.co.uk,Female,60.213.23.136
704,Nobe,Janca,njancajj@mediafire.com,Male,117.76.100.171
705,Olin,Ryburn,oryburnjk@bandcamp.com,Male,200.199.1.129
706,Mae,Litel,mliteljl@cbslocal.com,Female,148.190.221.211
707,Raye,Potapczuk,rpotapczukjm@google.es,Female,184.127.90.140
708,Rolph,O'Rowane,rorowanejn@europa.eu,Male,145.98.248.11
709,Amery,Sawley,asawleyjo@hibu.com,Male,43.239.16.220
710,Trumaine,Branni,tbrannijp@mlb.com,Male,75.0.39.119
711,Lynnette,Haslock(e),lhaslockejq@amazon.de,Female,104.243.17.249
712,Lelia,Clopton,lcloptonjr@google.it,Female,9.120.4.49
713,Clemens,Yelding,cyeldingjs@so-net.ne.jp,Male,28.235.137.226
714,Gaylor,Cogswell,gcogswelljt@exblog.jp,Male,134.5.220.62
715,Dot,Torricina,dtorricinaju@abc.net.au,Female,38.182.128.222
716,Bailey,Kaminski,bkaminskijv@latimes.com,Male,124.216.98.123
717,Salomi,Gorhardt,sgorhardtjw@cnet.com,Female,159.0.218.78
718,Jackson,Besnard,jbesnardjx@walmart.com,Male,206.107.104.238
719,Alva,Swynley,aswynleyjy@flavors.me,Male,14.45.193.232
720,Kaspar,Booeln,kbooelnjz@sitemeter.com,Male,185.114.29.88
721,Katharyn,Naton,knatonk0@newyorker.com,Female,119.249.209.88
722,Josiah,Amorine,jamorinek1@engadget.com,Male,143.31.219.247
723,Chaunce,Aberkirdo,caberkirdok2@blogs.com,Male,129.224.175.87
724,Pet,McGinly,pmcginlyk3@simplemachines.org,Female,210.116.146.1
725,Sophia,Cheves,schevesk4@blog.com,Female,94.221.3.146
726,Olivia,Hadlow,ohadlowk5@google.com.au,Female,175.145.153.193
727,Sig,Heggman,sheggmank6@issuu.com,Male,65.95.112.191
728,Katlin,Piddock,kpiddockk7@flavors.me,Female,98.160.4.3
729,Lainey,Reimers,lreimersk8@cmu.edu,Female,153.52.241.30
730,Des,Matton,dmattonk9@com.com,Male,118.29.108.255
731,Parke,Feander,pfeanderka@usatoday.com,Male,49.81.247.137
732,Huntlee,Grangier,hgrangierkb@free.fr,Male,120.173.43.199
733,Renault,Daine,rdainekc@thetimes.co.uk,Male,122.221.154.241
734,Bunni,Conan,bconankd@dot.gov,Female,88.242.118.114
735,Andee,Hulks,ahulkske@answers.com,Polygender,215.165.116.37
736,Haleigh,Hassey,hhasseykf@topsy.com,Male,58.234.103.5
737,Elinore,Burling,eburlingkg@thetimes.co.uk,Female,131.150.166.59
738,Sari,Jaggi,sjaggikh@shop-pro.jp,Female,167.187.48.232
739,Sheelagh,Boycott,sboycottki@issuu.com,Female,162.230.115.204
740,Orlando,Leaver,oleaverkj@europa.eu,Male,249.128.71.115
741,Reamonn,Hagley,rhagleykk@over-blog.com,Male,139.56.147.167
742,Dela,Hars,dharskl@shutterfly.com,Female,141.111.131.161
743,Ilaire,Risom,irisomkm@youtu.be,Male,220.103.206.170
744,Harmonie,Phelips,hphelipskn@google.pl,Female,46.5.244.85
745,Rita,Hugill,rhugillko@msn.com,Female,234.202.13.184
746,Raphael,Alastair,ralastairkp@microsoft.com,Male,102.173.180.124
747,Geordie,Waby,gwabykq@bravesites.com,Male,96.89.55.216
748,Zackariah,Peskett,zpeskettkr@jimdo.com,Male,218.208.154.175
749,Chris,Mazzia,cmazziaks@discuz.net,Genderfluid,86.188.87.27
750,Brynn,Cleland,bclelandkt@topsy.com,Female,173.94.118.98
751,Beaufort,Khalid,bkhalidku@e-recht24.de,Male,120.8.35.230
752,Mariejeanne,Djurdjevic,mdjurdjevickv@addthis.com,Female,64.8.112.245
753,Graehme,Leipelt,gleipeltkw@facebook.com,Male,131.89.131.197
754,Mel,Thurlborn,mthurlbornkx@yandex.ru,Male,184.136.212.193
755,Alicia,Gander,aganderky@scribd.com,Female,211.57.182.215
756,Saleem,Hitzke,shitzkekz@multiply.com,Bigender,18.184.151.164
757,Floyd,Lawles,flawlesl0@people.com.cn,Male,150.176.124.86
758,Carrie,Hubbins,chubbinsl1@si.edu,Female,230.86.118.125
759,Garvin,Markel,gmarkell2@biblegateway.com,Male,97.23.5.135
760,Bord,Swinn,bswinnl3@globo.com,Male,48.166.125.128
761,Cesya,Capitano,ccapitanol4@toplist.cz,Female,4.243.201.84
762,Nert,Facchini,nfacchinil5@sphinn.com,Female,48.25.78.41
763,Skylar,Saphir,ssaphirl6@blinklist.com,Male,195.102.117.91
764,Adan,Carayol,acarayoll7@moonfruit.com,Female,239.56.27.74
765,Sibyl,Gorring,sgorringl8@netlog.com,Male,132.249.156.134
766,Gregoire,Sackey,gsackeyl9@soundcloud.com,Male,1.214.148.140
767,Hastie,Boyce,hboycela@unblog.fr,Male,93.86.198.133
768,Leonard,Messruther,lmessrutherlb@xing.com,Male,48.130.77.140
769,Dewitt,Lorking,dlorkinglc@purevolume.com,Male,162.163.130.48
770,Burnaby,Boodle,bboodleld@ox.ac.uk,Male,167.162.63.17
771,Zollie,Jeffries,zjeffriesle@cyberchimps.com,Male,127.242.238.129
772,Ardelia,Fortie,afortielf@bloglines.com,Female,207.18.147.127
773,Palmer,Lacoste,placostelg@biblegateway.com,Male,207.82.228.23
774,Leonora,Hallaways,lhallawayslh@typepad.com,Female,132.19.225.52
775,Susy,Brumbye,sbrumbyeli@buzzfeed.com,Female,56.226.230.246
776,Waneta,McCroft,wmccroftlj@flavors.me,Female,143.196.224.159
777,Hansiain,Showler,hshowlerlk@amazon.co.uk,Male,162.242.247.165
778,Marsha,Denyakin,mdenyakinll@chron.com,Agender,236.72.172.225
779,Dwayne,Dunnett,ddunnettlm@auda.org.au,Male,3.171.204.33
780,Kathy,McIllroy,kmcillroyln@guardian.co.uk,Female,168.7.36.227
781,Joseito,Gillise,jgilliselo@people.com.cn,Male,57.182.109.59
782,Nickolas,Yurukhin,nyurukhinlp@npr.org,Male,26.168.191.26
783,Lacy,Lenglet,llengletlq@shutterfly.com,Female,64.116.5.239
784,Marthe,Tuhy,mtuhylr@goodreads.com,Female,237.210.175.116
785,Chadd,Westoll,cwestollls@huffingtonpost.com,Male,114.164.233.131
786,Ermanno,Hair,ehairlt@feedburner.com,Male,230.18.7.145
787,Ellerey,Hows,ehowslu@vimeo.com,Male,233.154.139.45
788,Axel,Luigi,aluigilv@nasa.gov,Male,206.73.214.232
789,Saundra,Adamiec,sadamieclw@archive.org,Female,53.128.134.62
790,Raye,Stefanovic,rstefanoviclx@marketwatch.com,Female,95.117.118.244
791,Abbott,Husthwaite,ahusthwaitely@goodreads.com,Male,108.59.208.83
792,Pierrette,Gabbat,pgabbatlz@shareasale.com,Female,94.21.78.101
793,Franklyn,De Brett,fdebrettm0@yandex.ru,Male,74.125.167.222
794,Gavan,Curl,gcurlm1@cnn.com,Male,117.55.86.213
795,Marijn,Wincer,mwincerm2@opensource.org,Genderfluid,37.178.182.85
796,Brady,Lowater,blowaterm3@arstechnica.com,Genderfluid,146.243.90.124
797,Erica,Nancekivell,enancekivellm4@icq.com,Female,118.115.176.151
798,Justin,Clutterham,jclutterhamm5@privacy.gov.au,Male,255.75.117.53
799,Denney,Meads,dmeadsm6@washingtonpost.com,Male,79.222.50.90
800,Brandy,Sivell,bsivellm7@hostgator.com,Male,49.163.141.18
801,Eb,Idwal Evans,eidwalevansm8@meetup.com,Male,76.105.31.199
802,Charlot,Yakobovitz,cyakobovitzm9@seesaa.net,Female,51.254.107.166
803,Mar,Peniello,mpenielloma@wordpress.org,Male,83.71.95.144
804,Sondra,Flieger,sfliegermb@bravesites.com,Genderqueer,84.210.206.7
805,Averil,Braizier,abraiziermc@themeforest.net,Female,106.153.133.148
806,Sax,Heed,sheedmd@typepad.com,Male,87.184.11.114
807,Reese,Robottham,rrobotthamme@naver.com,Male,40.68.244.48
808,Nadya,Walkden,nwalkdenmf@fda.gov,Female,191.38.151.172
809,Brade,Dumbreck,bdumbreckmg@drupal.org,Male,86.67.46.151
810,Andrei,Martinolli,amartinollimh@jigsy.com,Female,232.158.163.115
811,Neale,Bridewell,nbridewellmi@sitemeter.com,Male,237.199.65.226
812,Gavan,Merle,gmerlemj@eventbrite.com,Male,5.205.207.224
813,Booth,Jelfs,bjelfsmk@google.ca,Male,160.71.199.93
814,Hamlen,Timperley,htimperleyml@craigslist.org,Male,32.200.153.200
815,Daron,Don,ddonmm@yahoo.co.jp,Agender,199.191.217.244
816,Gussi,Benit,gbenitmn@smh.com.au,Female,116.62.62.8
817,Domenico,Muxworthy,dmuxworthymo@imageshack.us,Male,56.242.189.177
818,Lethia,Sharvell,lsharvellmp@phpbb.com,Female,94.136.146.2
819,Moe,Petrik,mpetrikmq@amazonaws.com,Male,206.139.243.214
820,Jimmy,Luckin,jluckinmr@jigsy.com,Male,152.108.53.48
821,Webster,Kellogg,wkelloggms@buzzfeed.com,Male,32.31.26.157
822,Haywood,Edghinn,hedghinnmt@nih.gov,Male,127.46.52.104
823,Sanson,Spradbrow,sspradbrowmu@google.com.br,Male,226.251.38.198
824,Baxie,Tolson,btolsonmv@hubpages.com,Male,203.89.188.48
825,Sheffie,Limeburner,slimeburnermw@about.com,Male,156.166.142.147
826,Faulkner,Dennis,fdennismx@bloglovin.com,Male,62.77.58.76
827,Phyllida,Elix,pelixmy@lulu.com,Female,233.207.98.185
828,Luce,Rapaport,lrapaportmz@yelp.com,Male,30.72.43.186
829,Kitti,Manicom,kmanicomn0@phoca.cz,Female,243.166.170.175
830,Omero,Riepel,oriepeln1@bloglovin.com,Polygender,222.92.193.132
831,Fancy,Eccleshare,fecclesharen2@skyrock.com,Female,17.60.130.18
832,Xymenes,Delue,xdeluen3@t-online.de,Male,36.125.198.97
833,Aldin,Kolyagin,akolyaginn4@dmoz.org,Male,13.106.125.255
834,Lelia,Bellany,lbellanyn5@nytimes.com,Female,163.86.152.140
835,Alta,McGawn,amcgawnn6@ifeng.com,Female,253.165.228.184
836,Hart,MacCague,hmaccaguen7@reuters.com,Male,8.216.255.236
837,Conney,Ayling,caylingn8@hud.gov,Male,173.178.82.152
838,Adriaens,Focke,afocken9@netlog.com,Female,71.197.24.33
839,Hugh,Labarre,hlabarrena@gizmodo.com,Male,224.61.190.85
840,Dolly,Fey,dfeynb@ibm.com,Female,199.245.2.128
841,Monroe,Mattiessen,mmattiessennc@multiply.com,Male,3.134.178.51
842,Eyde,Mouget,emougetnd@sitemeter.com,Female,48.90.197.26
843,Keene,Grieg,kgriegne@github.com,Male,149.90.159.42
844,Channa,Hucknall,chucknallnf@boston.com,Female,22.70.109.55
845,Lacie,Chadwell,lchadwellng@cargocollective.com,Female,157.14.45.202
846,Holden,Piatek,hpiateknh@dion.ne.jp,Male,8.231.66.28
847,Vinny,Adamoli,vadamolini@sun.com,Male,245.29.114.104
848,Gae,Szymczyk,gszymczyknj@flickr.com,Female,186.149.85.159
849,Gamaliel,Vampouille,gvampouillenk@123-reg.co.uk,Male,64.189.59.38
850,Ellwood,Malek,emaleknl@tinyurl.com,Male,180.89.255.13
851,Ivory,Gladding,igladdingnm@amazon.co.uk,Female,187.102.113.122
852,Ardene,McPhillips,amcphillipsnn@parallels.com,Female,33.247.18.49
853,Ivar,Poynzer,ipoynzerno@cyberchimps.com,Male,15.67.12.19
854,Karlen,Stappard,kstappardnp@addthis.com,Female,126.139.196.93
855,Fredi,Dobrowski,fdobrowskinq@imgur.com,Female,51.126.219.252
856,Chaim,Kembley,ckembleynr@digg.com,Male,253.201.74.141
857,Neely,Parman,nparmanns@wikia.com,Female,17.182.39.134
858,Constantino,Stopher,cstophernt@amazon.com,Male,177.9.119.133
859,Matthaeus,Itskovitz,mitskovitznu@yolasite.com,Male,46.245.149.40
860,Griz,Matys,gmatysnv@squarespace.com,Male,122.34.152.160
861,Carlie,Ribbon,cribbonnw@netscape.com,Female,70.69.245.128
862,Brodie,Beelby,bbeelbynx@uol.com.br,Non-binary,177.101.69.71
863,Hilarius,Perrone,hperroneny@sina.com.cn,Male,201.242.132.90
864,Syd,Kennler,skennlernz@shareasale.com,Male,188.108.226.156
865,Jacynth,Blei,jbleio0@google.com.hk,Female,84.45.88.81
866,Burg,Lowne,blowneo1@opensource.org,Male,113.220.254.222
867,Mary,Coverley,mcoverleyo2@vimeo.com,Female,126.74.26.97
868,Otis,Lendon,olendono3@shop-pro.jp,Male,218.129.112.67
869,Maurizia,Balme,mbalmeo4@un.org,Female,169.138.55.225
870,Chrissie,Turmell,cturmello5@deliciousdays.com,Bigender,232.181.34.30
871,Arlinda,Paolillo,apaolilloo6@tinyurl.com,Female,172.95.216.83
872,Morse,Birtwistle,mbirtwistleo7@businessweek.com,Male,196.235.233.154
873,Roseanne,Pritchett,rpritchetto8@photobucket.com,Female,130.216.235.175
874,Lucie,Housley,lhousleyo9@gizmodo.com,Female,19.237.246.38
875,Cecelia,Grubbe,cgrubbeoa@paginegialle.it,Female,244.230.4.181
876,Michaella,Finney,mfinneyob@photobucket.com,Female,112.45.92.134
877,Fayina,Collacombe,fcollacombeoc@dailymotion.com,Female,34.178.8.142
878,Erwin,Zapata,ezapataod@163.com,Male,55.98.169.31
879,Celene,Eates,ceatesoe@wikia.com,Female,88.48.174.172
880,Ina,Grummitt,igrummittof@abc.net.au,Female,202.64.7.108
881,Elset,Amesbury,eamesburyog@alibaba.com,Female,100.201.60.74
882,Kahaleel,Toxell,ktoxelloh@economist.com,Male,20.250.78.110
883,Rooney,Hawler,rhawleroi@booking.com,Male,66.103.53.232
884,Dalli,Grigorian,dgrigorianoj@time.com,Male,12.159.119.102
885,Cherlyn,Gouldeby,cgouldebyok@weibo.com,Female,87.133.85.49
886,Gardener,Kiddle,gkiddleol@soundcloud.com,Bigender,118.11.53.187
887,Ardelis,Mazdon,amazdonom@amazon.com,Female,205.238.92.252
888,Kary,Lincke,klinckeon@squidoo.com,Female,18.147.188.247
889,Mallory,Fresson,mfressonoo@yandex.ru,Female,183.99.128.134
890,Linoel,Clemerson,lclemersonop@nasa.gov,Male,243.144.242.2
891,Farr,Clampe,fclampeoq@army.mil,Male,199.1.44.58
892,Rosalyn,Sangwine,rsangwineor@51.la,Female,117.110.23.114
893,Jerome,Coomes,jcoomesos@dedecms.com,Male,24.18.203.180
894,Stefanie,Riddell,sriddellot@cbsnews.com,Female,208.67.144.199
895,Silvana,Wickey,swickeyou@intel.com,Female,249.137.39.89
896,Johnathan,Astie,jastieov@feedburner.com,Agender,132.16.220.231
897,Phil,Edghinn,pedghinnow@storify.com,Male,133.64.62.231
898,Olag,Lownds,olowndsox@vinaora.com,Male,114.143.253.167
899,Husain,Vittore,hvittoreoy@wunderground.com,Male,62.72.166.233
900,Osbourn,Karlsson,okarlssonoz@cnet.com,Male,184.113.195.9
901,Jerri,Vinck,jvinckp0@mysql.com,Male,199.175.74.191
902,Wilbert,La Vigne,wlavignep1@aol.com,Male,10.131.141.111
903,Malorie,Raggett,mraggettp2@free.fr,Female,128.109.20.91
904,Dianna,Escreet,descreetp3@photobucket.com,Female,152.98.125.185
905,Moshe,Zemler,mzemlerp4@twitpic.com,Male,124.91.144.205
906,Margarette,Wickett,mwickettp5@newsvine.com,Female,170.177.40.134
907,Daphne,Foy,dfoyp6@bloglovin.com,Female,111.254.229.223
908,Joellen,Petti,jpettip7@cnn.com,Female,32.99.53.19
909,Marice,Rudd,mruddp8@is.gd,Female,153.245.77.4
910,Terrill,Geraghty,tgeraghtyp9@fema.gov,Male,105.218.156.103
911,Johnna,Fussen,jfussenpa@networksolutions.com,Non-binary,22.150.205.8
912,Ardelia,De Benedictis,adebenedictispb@uol.com.br,Female,19.113.175.176
913,Avril,Haye,ahayepc@netvibes.com,Female,165.111.131.153
914,Delmor,Jobe,djobepd@tinypic.com,Male,141.161.149.164
915,Cara,Bunn,cbunnpe@wired.com,Female,121.7.95.201
916,Ellery,Johanning,ejohanningpf@csmonitor.com,Male,120.96.123.159
917,Sherman,Kirsch,skirschpg@comsenz.com,Male,65.203.78.255
918,Jeannine,Nipper,jnipperph@wired.com,Female,109.127.127.12
919,Karel,Watkins,kwatkinspi@sitemeter.com,Female,35.33.241.122
920,Gaven,felip,gfelippj@blogs.com,Male,175.25.184.97
921,Shell,Waterfield,swaterfieldpk@mediafire.com,Male,162.6.102.216
922,Missy,Doherty,mdohertypl@toplist.cz,Female,73.253.59.49
923,Leila,Baillie,lbailliepm@topsy.com,Female,132.121.120.160
924,Virge,Gapp,vgapppn@who.int,Male,253.45.160.192
925,Salim,Birtle,sbirtlepo@chronoengine.com,Male,143.114.25.216
926,Lombard,Rennolds,lrennoldspp@last.fm,Male,30.221.228.132
927,Felicio,Eisenberg,feisenbergpq@cdbaby.com,Male,10.140.207.232
928,Lincoln,Bloore,lbloorepr@who.int,Agender,240.50.81.181
929,Jamesy,Krier,jkrierps@springer.com,Male,155.231.78.160
930,Bobbie,Heckney,bheckneypt@macromedia.com,Male,227.133.182.65
931,Nikolia,Wignall,nwignallpu@army.mil,Female,3.67.13.205
932,Selinda,Sumpton,ssumptonpv@stanford.edu,Female,93.88.72.195
933,Dukie,Kornacki,dkornackipw@bing.com,Male,17.45.114.148
934,Peyter,Crenage,pcrenagepx@auda.org.au,Male,7.64.246.182
935,Jennie,Thurnham,jthurnhampy@trellian.com,Female,169.229.36.12
936,Noble,MacVicar,nmacvicarpz@shutterfly.com,Male,203.46.232.111
937,Abdul,Logesdale,alogesdaleq0@storify.com,Male,250.225.39.134
938,Minne,Hynd,mhyndq1@oaic.gov.au,Female,129.188.71.119
939,Saba,Basham,sbashamq2@hatena.ne.jp,Female,189.127.186.214
940,Raul,Cisneros,rcisnerosq3@cargocollective.com,Genderfluid,206.38.63.81
941,Luella,Gillio,lgillioq4@who.int,Female,105.101.124.3
942,Elden,Gannan,egannanq5@issuu.com,Male,109.114.161.53
943,Phillis,Wackley,pwackleyq6@wix.com,Female,127.152.212.191
944,Deedee,Cabbell,dcabbellq7@howstuffworks.com,Female,69.155.28.59
945,Giacopo,Gyorffy,ggyorffyq8@imdb.com,Male,1.158.135.139
946,Rafaello,Lindenberg,rlindenbergq9@utexas.edu,Male,199.38.92.217
947,Ike,Matthensen,imatthensenqa@ed.gov,Male,109.127.26.53
948,Darb,Perrie,dperrieqb@seattletimes.com,Male,126.221.234.147
949,Karon,Parham,kparhamqc@spotify.com,Female,92.204.79.119
950,Geno,Henryson,ghenrysonqd@xing.com,Male,197.37.15.5
951,Elfie,Coakley,ecoakleyqe@is.gd,Female,1.13.29.74
952,Ebonee,Cotgrave,ecotgraveqf@mapquest.com,Female,26.242.169.190
953,Roddy,Asken,raskenqg@chicagotribune.com,Male,198.18.34.78
954,Hansiain,Goley,hgoleyqh@i2i.jp,Male,62.207.141.134
955,Orly,Bruster,obrusterqi@smh.com.au,Female,169.133.135.116
956,Cal,Macey,cmaceyqj@godaddy.com,Female,172.239.14.250
957,Etan,Stoggles,estogglesqk@g.co,Male,141.212.161.252
958,Rodrique,Kerwood,rkerwoodql@apple.com,Male,187.239.91.246
959,Thibaut,Brucker,tbruckerqm@phpbb.com,Male,114.184.208.166
960,Frasier,Duigenan,fduigenanqn@comcast.net,Male,250.23.7.185
961,Amalita,Suttle,asuttleqo@home.pl,Female,32.136.194.153
962,Farr,Sweedy,fsweedyqp@example.com,Male,67.236.213.192
963,Louie,Gauvin,lgauvinqq@51.la,Male,67.88.166.185
964,Samuel,Tomasek,stomasekqr@github.com,Male,2.104.13.172
965,Bentley,Giacopello,bgiacopelloqs@go.com,Male,38.62.195.141
966,Gawain,Doget,gdogetqt@prlog.org,Male,147.159.54.209
967,Vernor,Chudleigh,vchudleighqu@boston.com,Male,1.105.122.198
968,Brinn,Bushrod,bbushrodqv@ebay.co.uk,Female,84.209.165.13
969,Muire,Dellar,mdellarqw@columbia.edu,Female,252.70.189.185
970,Ezra,Abbyss,eabbyssqx@elpais.com,Male,11.251.191.163
971,Mile,Gouldthorpe,mgouldthorpeqy@yandex.ru,Male,223.82.167.120
972,Zondra,Consterdine,zconsterdineqz@weebly.com,Female,59.195.191.198
973,Lamar,Vettore,lvettorer0@jalbum.net,Male,123.78.79.25
974,Sydney,Lourens,slourensr1@altervista.org,Agender,150.54.52.115
975,Salaidh,Jentin,sjentinr2@imgur.com,Female,149.174.18.198
976,Lodovico,Parrin,lparrinr3@bandcamp.com,Male,63.193.152.249
977,Katusha,Brimmicombe,kbrimmicomber4@salon.com,Female,161.146.54.244
978,Bucky,Urquhart,burquhartr5@ucsd.edu,Male,127.169.97.208
979,Woodie,Flement,wflementr6@about.com,Male,112.83.139.190
980,Vasilis,Matthiesen,vmatthiesenr7@constantcontact.com,Male,143.140.234.248
981,Celine,Kearley,ckearleyr8@scribd.com,Female,110.244.45.202
982,Florri,Kinnar,fkinnarr9@omniture.com,Female,38.79.122.6
983,Nikolas,Riglar,nriglarra@whitehouse.gov,Male,185.25.20.130
984,Rodolphe,Vlasyev,rvlasyevrb@prweb.com,Male,44.59.102.72
985,Bobine,Layus,blayusrc@infoseek.co.jp,Female,65.223.21.158
986,Winston,Dartnall,wdartnallrd@exblog.jp,Male,121.248.22.103
987,Alexi,Spohr,aspohrre@gravatar.com,Female,78.38.150.41
988,Erie,Bonar,ebonarrf@wiley.com,Male,120.181.194.239
989,Thedric,Beirne,tbeirnerg@123-reg.co.uk,Male,110.12.195.26
990,Vi,Willingale,vwillingalerh@t-online.de,Female,209.18.37.12
991,Norman,Berkley,nberkleyri@un.org,Male,48.101.67.252
992,Hamilton,Pauluzzi,hpauluzzirj@adobe.com,Male,121.59.9.144
993,Harrietta,Dillinger,hdillingerrk@ox.ac.uk,Female,234.27.77.222
994,Sarita,Lenham,slenhamrl@seattletimes.com,Female,189.162.1.117
995,Pietrek,Scryne,pscrynerm@ihg.com,Male,30.192.103.37
996,Roddy,Longland,rlonglandrn@cdbaby.com,Male,195.207.210.207
997,Gabby,Strong,gstrongro@netscape.com,Male,137.194.178.158
998,Corrianne,Alennikov,calennikovrp@dyndns.org,Female,9.1.192.114
999,Adriaens,Brattell,abrattellrq@engadget.com,Female,252.207.115.186
1000,Ciro,Redholls,credhollsrr@state.tx.us,Bigender,248.118.231.115
